family,arm,seed,c1_target,c2_target,c1_meas,c2_meas,fd_meas,err_c1,err_c2
forest_oil,guided,0,1.6,-0.3,1.1114,-0.1174,1.889,-0.4886,0.1826
forest_oil,unguided,0,1.6,-0.3,1.259,-0.1219,1.741,-0.341,0.1781
forest_oil,guided,1,1.6,-0.3,1.1955,-0.091,1.805,-0.4045,0.209
forest_oil,unguided,1,1.6,-0.3,1.2767,-0.1064,1.723,-0.3233,0.1936
forest_oil,guided,2,1.6,-0.3,1.1224,-0.0806,1.878,-0.4776,0.2194
forest_oil,unguided,2,1.6,-0.3,1.1877,-0.1014,1.812,-0.4123,0.1986
forest_oil,guided,3,1.6,-0.3,1.1136,-0.0834,1.886,-0.4864,0.2166
forest_oil,unguided,3,1.6,-0.3,1.2437,-0.0995,1.756,-0.3563,0.2005
waves_engrave,guided,0,1.6,-0.3,1.4613,-0.1315,1.539,-0.1387,0.1685
waves_engrave,unguided,0,1.6,-0.3,1.1323,-0.0721,1.868,-0.4677,0.2279
waves_engrave,guided,1,1.6,-0.3,1.4841,-0.183,1.516,-0.1159,0.117
waves_engrave,unguided,1,1.6,-0.3,1.1959,-0.1668,1.804,-0.4041,0.1332
waves_engrave,guided,2,1.6,-0.3,1.3972,-0.1156,1.603,-0.2028,0.1844
waves_engrave,unguided,2,1.6,-0.3,1.3208,-0.0915,1.679,-0.2792,0.2085
waves_engrave,guided,3,1.6,-0.3,1.4207,-0.1016,1.579,-0.1793,0.1984
waves_engrave,unguided,3,1.6,-0.3,1.157,-0.0656,1.843,-0.443,0.2344
sandstone_3d,guided,0,1.6,-0.3,1.6387,-0.3622,1.361,0.0387,-0.0622
sandstone_3d,unguided,0,1.6,-0.3,1.3556,-0.2269,1.644,-0.2444,0.0731
sandstone_3d,guided,1,1.6,-0.3,1.5867,-0.2398,1.413,-0.0133,0.0602
sandstone_3d,unguided,1,1.6,-0.3,1.306,-0.2449,1.694,-0.294,0.0551
sandstone_3d,guided,2,1.6,-0.3,1.6405,-0.3146,1.36,0.0405,-0.0146
sandstone_3d,unguided,2,1.6,-0.3,1.3791,-0.2437,1.621,-0.2209,0.0563
sandstone_3d,guided,3,1.6,-0.3,1.5967,-0.2892,1.403,-0.0033,0.0108
sandstone_3d,unguided,3,1.6,-0.3,1.3336,-0.2408,1.666,-0.2664,0.0592
clouds_water,guided,0,1.6,-0.3,1.56,-0.3661,1.44,-0.04,-0.0661
clouds_water,unguided,0,1.6,-0.3,1.5033,-0.321,1.497,-0.0967,-0.021
clouds_water,guided,1,1.6,-0.3,1.5636,-0.3584,1.436,-0.0364,-0.0584
clouds_water,unguided,1,1.6,-0.3,1.6083,-0.3681,1.392,0.0083,-0.0681
clouds_water,guided,2,1.6,-0.3,1.5526,-0.2723,1.447,-0.0474,0.0277
clouds_water,unguided,2,1.6,-0.3,1.5255,-0.2256,1.474,-0.0745,0.0744
clouds_water,guided,3,1.6,-0.3,1.5605,-0.364,1.439,-0.0395,-0.064
clouds_water,unguided,3,1.6,-0.3,1.5613,-0.3521,1.439,-0.0387,-0.0521
lichen_photo,guided,0,1.6,-0.3,1.2937,-0.0822,1.706,-0.3063,0.2178
lichen_photo,unguided,0,1.6,-0.3,0.9677,-0.0276,2.032,-0.6323,0.2724
lichen_photo,guided,1,1.6,-0.3,1.2983,-0.0671,1.702,-0.3017,0.2329
lichen_photo,unguided,1,1.6,-0.3,1.1365,-0.0573,1.864,-0.4635,0.2427
lichen_photo,guided,2,1.6,-0.3,1.2572,-0.0531,1.743,-0.3428,0.2469
lichen_photo,unguided,2,1.6,-0.3,0.9524,-0.0255,2.048,-0.6476,0.2745
lichen_photo,guided,3,1.6,-0.3,1.2716,-0.0243,1.728,-0.3284,0.2757
lichen_photo,unguided,3,1.6,-0.3,1.0886,-0.0265,1.911,-0.5114,0.2735
smoke_charcoal,guided,0,1.6,-0.3,1.3538,-0.4863,1.646,-0.2462,-0.1863
smoke_charcoal,unguided,0,1.6,-0.3,1.6906,-0.303,1.309,0.0906,-0.003
smoke_charcoal,guided,1,1.6,-0.3,1.4817,-0.6953,1.518,-0.1183,-0.3953
smoke_charcoal,unguided,1,1.6,-0.3,1.7905,-0.3326,1.21,0.1905,-0.0326
smoke_charcoal,guided,2,1.6,-0.3,1.3424,-0.2247,1.658,-0.2576,0.0753
smoke_charcoal,unguided,2,1.6,-0.3,1.7428,-0.4121,1.257,0.1428,-0.1121
smoke_charcoal,guided,3,1.6,-0.3,1.3972,-0.4325,1.603,-0.2028,-0.1325
smoke_charcoal,unguided,3,1.6,-0.3,1.8268,-0.4483,1.173,0.2268,-0.1483
feathers_lino,guided,0,1.6,-0.3,1.2189,-0.3577,1.781,-0.3811,-0.0577
feathers_lino,unguided,0,1.6,-0.3,0.9686,-0.3781,2.031,-0.6314,-0.0781
feathers_lino,guided,1,1.6,-0.3,1.16,-0.1366,1.84,-0.44,0.1634
feathers_lino,unguided,1,1.6,-0.3,0.7948,-0.0807,2.205,-0.8052,0.2193
feathers_lino,guided,2,1.6,-0.3,1.224,-0.1561,1.776,-0.376,0.1439
feathers_lino,unguided,2,1.6,-0.3,0.8569,-0.1157,2.143,-0.7431,0.1843
feathers_lino,guided,3,1.6,-0.3,1.274,-0.0847,1.726,-0.326,0.2153
feathers_lino,unguided,3,1.6,-0.3,0.8422,-0.0656,2.158,-0.7578,0.2344
patina_photo,guided,0,1.6,-0.3,1.3326,-0.0773,1.667,-0.2674,0.2227
patina_photo,unguided,0,1.6,-0.3,1.1271,-0.1187,1.873,-0.4729,0.1813
patina_photo,guided,1,1.6,-0.3,1.2652,-0.0924,1.735,-0.3348,0.2076
patina_photo,unguided,1,1.6,-0.3,0.9792,-0.1251,2.021,-0.6208,0.1749
patina_photo,guided,2,1.6,-0.3,1.3364,-0.0464,1.664,-0.2636,0.2536
patina_photo,unguided,2,1.6,-0.3,0.9232,-0.0886,2.077,-0.6768,0.2114
patina_photo,guided,3,1.6,-0.3,1.2906,-0.0634,1.709,-0.3094,0.2366
patina_photo,unguided,3,1.6,-0.3,1.0542,-0.1337,1.946,-0.5458,0.1663
rain_woodblock,guided,0,1.6,-0.3,1.2304,-0.0681,1.77,-0.3696,0.2319
rain_woodblock,unguided,0,1.6,-0.3,1.0455,-0.1408,1.955,-0.5545,0.1592
rain_woodblock,guided,1,1.6,-0.3,1.2696,-0.0307,1.73,-0.3304,0.2693
rain_woodblock,unguided,1,1.6,-0.3,0.9879,-0.0999,2.012,-0.6121,0.2001
rain_woodblock,guided,2,1.6,-0.3,1.3804,-0.1578,1.62,-0.2196,0.1422
rain_woodblock,unguided,2,1.6,-0.3,1.2065,-0.1361,1.793,-0.3935,0.1639
rain_woodblock,guided,3,1.6,-0.3,1.2886,-0.0662,1.711,-0.3114,0.2338
rain_woodblock,unguided,3,1.6,-0.3,1.1076,-0.065,1.892,-0.4924,0.235
pollen_sem,guided,0,1.6,-0.3,1.3042,-0.2139,1.696,-0.2958,0.0861
pollen_sem,unguided,0,1.6,-0.3,1.0196,-0.2024,1.98,-0.5804,0.0976
pollen_sem,guided,1,1.6,-0.3,1.506,-0.1289,1.494,-0.094,0.1711
pollen_sem,unguided,1,1.6,-0.3,1.2024,-0.0777,1.798,-0.3976,0.2223
pollen_sem,guided,2,1.6,-0.3,1.3217,-0.2083,1.678,-0.2783,0.0917
pollen_sem,unguided,2,1.6,-0.3,1.1243,-0.188,1.876,-0.4757,0.112
pollen_sem,guided,3,1.6,-0.3,1.2013,-0.1853,1.799,-0.3987,0.1147
pollen_sem,unguided,3,1.6,-0.3,1.0594,-0.1781,1.941,-0.5406,0.1219
