subject,style,variant,seed,c1_centre,c1_edge,dc1,fd_centre,fd_edge,c2_centre,c2_edge,run,direction
owl,photo,ramp,0,1.434,1.643,0.209,1.566,1.357,-0.101,0.369,pilot,radial
owl,photo,flat,0,1.517,1.588,0.071,1.483,1.412,-0.196,-0.219,pilot,radial
owl,oil,ramp,1,1.507,1.47,-0.037,1.493,1.53,-0.052,0.283,pilot,radial
owl,oil,flat,1,1.225,1.191,-0.034,1.775,1.809,-0.057,0.052,pilot,radial
owl,ink,ramp,2,1.307,1.578,0.271,1.693,1.422,0.234,0.188,pilot,radial
owl,ink,flat,2,1.36,1.059,-0.301,1.64,1.941,-0.108,0.026,pilot,radial
owl,engraving,ramp,3,1.25,1.38,0.13,1.75,1.62,-0.14,0.477,pilot,radial
owl,engraving,flat,3,0.986,0.885,-0.101,2.014,2.115,-0.012,0.046,pilot,radial
fisherman,photo,ramp,10,1.134,1.507,0.373,1.866,1.493,-0.018,-0.188,pilot,radial
fisherman,photo,flat,10,1.158,1.167,0.009,1.842,1.833,-0.045,-0.077,pilot,radial
fisherman,oil,ramp,11,1.287,1.377,0.09,1.713,1.623,-0.022,-0.069,pilot,radial
fisherman,oil,flat,11,0.939,1.083,0.144,2.061,1.917,-0.047,-0.079,pilot,radial
fisherman,ink,ramp,12,0.947,1.508,0.561,2.053,1.492,0.04,-0.165,pilot,radial
fisherman,ink,flat,12,0.995,1.23,0.234,2.005,1.77,-0.029,-0.084,pilot,radial
fisherman,engraving,ramp,13,1.301,1.164,-0.137,1.699,1.836,-0.185,0.017,pilot,radial
fisherman,engraving,flat,13,1.333,1.164,-0.169,1.667,1.836,0.024,-0.058,pilot,radial
cathedral,photo,ramp,20,2.074,1.476,-0.598,0.926,1.524,-16.748,-0.127,pilot,radial
cathedral,photo,flat,20,1.325,1.258,-0.068,1.675,1.742,-0.058,-0.019,pilot,radial
cathedral,oil,ramp,21,1.157,1.453,0.296,1.843,1.547,-0.019,-0.109,pilot,radial
cathedral,oil,flat,21,1.206,1.202,-0.003,1.794,1.798,-0.04,-0.066,pilot,radial
cathedral,ink,ramp,22,1.256,1.269,0.014,1.744,1.731,-0.102,0.172,pilot,radial
cathedral,ink,flat,22,1.266,1.224,-0.041,1.734,1.776,-0.027,-0.047,pilot,radial
cathedral,engraving,ramp,23,0.934,1.043,0.109,2.066,1.957,-0.007,-0.591,pilot,radial
cathedral,engraving,flat,23,1.008,1.038,0.03,1.992,1.962,-0.043,-0.033,pilot,radial
dragon,photo,ramp,30,1.328,1.746,0.418,1.672,1.254,-0.06,-0.288,pilot,radial
dragon,photo,flat,30,1.179,1.288,0.109,1.821,1.712,-0.024,-0.088,pilot,radial
dragon,oil,ramp,31,1.274,0.895,-0.379,1.726,2.105,-0.078,0.069,pilot,radial
dragon,oil,flat,31,1.051,1.09,0.038,1.949,1.91,-0.022,-0.023,pilot,radial
dragon,ink,ramp,32,1.177,1.334,0.157,1.823,1.666,-0.019,0.113,pilot,radial
dragon,ink,flat,32,1.227,1.32,0.093,1.773,1.68,-0.092,-0.084,pilot,radial
dragon,engraving,ramp,33,1.105,1.029,-0.076,1.895,1.971,-0.068,-0.138,pilot,radial
dragon,engraving,flat,33,1.215,1.051,-0.164,1.785,1.949,-0.024,-0.029,pilot,radial
owl,photo,ramp,5000,1.443,1.557,0.114,1.557,1.443,0.527,0.248,replication,radial
owl,photo,flat,5000,1.727,1.37,-0.357,1.273,1.63,-0.108,-0.296,replication,radial
owl,photo,ramp,6000,1.476,1.814,0.338,1.524,1.186,-0.214,0.811,replication,radial
owl,photo,flat,6000,1.296,1.756,0.46,1.704,1.244,-0.115,-0.346,replication,radial
owl,oil,ramp,5001,1.575,1.42,-0.156,1.425,1.58,-0.109,0.161,replication,radial
owl,oil,flat,5001,0.718,1.04,0.322,2.282,1.96,0.001,0.141,replication,radial
owl,oil,ramp,6001,1.318,1.243,-0.075,1.682,1.757,-0.049,0.081,replication,radial
owl,oil,flat,6001,1.195,1.035,-0.16,1.805,1.965,-0.014,0.011,replication,radial
owl,ink,ramp,5002,1.544,1.441,-0.103,1.456,1.559,-0.104,0.22,replication,radial
owl,ink,flat,5002,1.449,1.213,-0.236,1.551,1.787,-0.019,0.018,replication,radial
owl,ink,ramp,6002,1.442,1.68,0.238,1.558,1.32,0.047,0.165,replication,radial
owl,ink,flat,6002,1.353,1.216,-0.137,1.647,1.784,-0.134,0.014,replication,radial
owl,engraving,ramp,5003,1.312,1.48,0.168,1.688,1.52,-0.113,-3.411,replication,radial
owl,engraving,flat,5003,1.159,1.374,0.215,1.841,1.626,-0.074,-0.149,replication,radial
owl,engraving,ramp,6003,1.356,1.94,0.584,1.644,1.06,-0.151,-0.062,replication,radial
owl,engraving,flat,6003,1.213,1.649,0.437,1.787,1.351,-0.054,-0.067,replication,radial
fisherman,photo,ramp,5010,1.182,1.407,0.226,1.818,1.593,-0.03,-0.037,replication,radial
fisherman,photo,flat,5010,1.161,1.25,0.089,1.839,1.75,-0.016,-0.028,replication,radial
fisherman,photo,ramp,6010,1.293,1.913,0.62,1.707,1.087,-0.093,-0.305,replication,radial
fisherman,photo,flat,6010,1.121,1.1,-0.021,1.879,1.9,-0.065,-0.05,replication,radial
fisherman,oil,ramp,5011,1.202,1.151,-0.051,1.798,1.849,-0.113,-0.098,replication,radial
fisherman,oil,flat,5011,1.174,1.05,-0.125,1.826,1.95,-0.052,-0.068,replication,radial
fisherman,oil,ramp,6011,1.158,1.285,0.127,1.842,1.715,-0.042,-0.055,replication,radial
fisherman,oil,flat,6011,1.016,1.116,0.1,1.984,1.884,-0.008,-0.0,replication,radial
fisherman,ink,ramp,5012,1.144,1.46,0.316,1.856,1.54,0.051,-0.145,replication,radial
fisherman,ink,flat,5012,1.102,1.234,0.132,1.898,1.766,-0.035,-0.136,replication,radial
fisherman,ink,ramp,6012,1.166,1.526,0.359,1.834,1.474,-0.031,-0.148,replication,radial
fisherman,ink,flat,6012,1.299,1.071,-0.228,1.701,1.929,-0.013,0.021,replication,radial
fisherman,engraving,ramp,5013,1.115,1.404,0.289,1.885,1.596,-0.017,-0.028,replication,radial
fisherman,engraving,flat,5013,1.123,1.318,0.194,1.877,1.682,-0.044,-0.038,replication,radial
fisherman,engraving,ramp,6013,0.905,1.14,0.235,2.095,1.86,-0.003,-0.263,replication,radial
fisherman,engraving,flat,6013,1.196,1.18,-0.017,1.804,1.82,0.025,0.02,replication,radial
cathedral,photo,ramp,5020,1.404,1.55,0.146,1.596,1.45,-0.283,-0.526,replication,radial
cathedral,photo,flat,5020,1.471,1.341,-0.13,1.529,1.659,-0.071,-0.111,replication,radial
cathedral,photo,ramp,6020,1.418,1.565,0.147,1.582,1.435,-0.557,-0.145,replication,radial
cathedral,photo,flat,6020,1.264,1.235,-0.028,1.736,1.765,0.063,0.058,replication,radial
cathedral,oil,ramp,5021,1.175,1.466,0.291,1.825,1.534,-0.043,-1.122,replication,radial
cathedral,oil,flat,5021,1.231,1.215,-0.016,1.769,1.785,-0.072,-0.096,replication,radial
cathedral,oil,ramp,6021,1.428,1.531,0.103,1.572,1.469,-0.397,-0.143,replication,radial
cathedral,oil,flat,6021,1.022,1.056,0.033,1.978,1.944,-0.028,-0.014,replication,radial
cathedral,ink,ramp,5022,1.5,1.347,-0.153,1.5,1.653,-0.06,-0.025,replication,radial
cathedral,ink,flat,5022,1.069,1.142,0.073,1.931,1.858,-0.088,-0.108,replication,radial
cathedral,ink,ramp,6022,1.185,1.368,0.183,1.815,1.632,-0.136,0.24,replication,radial
cathedral,ink,flat,6022,1.269,1.314,0.044,1.731,1.686,-0.068,-0.052,replication,radial
cathedral,engraving,ramp,5023,0.902,1.142,0.24,2.098,1.858,-0.028,-0.329,replication,radial
cathedral,engraving,flat,5023,1.154,1.13,-0.024,1.846,1.87,-0.019,-0.035,replication,radial
cathedral,engraving,ramp,6023,1.061,1.213,0.152,1.939,1.787,-0.024,-2.353,replication,radial
cathedral,engraving,flat,6023,1.296,1.229,-0.068,1.704,1.771,-0.038,-0.044,replication,radial
dragon,photo,ramp,5030,1.19,1.775,0.585,1.81,1.225,-0.07,-0.18,replication,radial
dragon,photo,flat,5030,1.318,1.308,-0.01,1.682,1.692,-0.077,-0.08,replication,radial
dragon,photo,ramp,6030,1.66,1.234,-0.426,1.34,1.766,-0.222,-0.196,replication,radial
dragon,photo,flat,6030,1.306,1.804,0.498,1.694,1.196,-0.01,-0.116,replication,radial
dragon,oil,ramp,5031,1.281,1.565,0.284,1.719,1.435,-0.034,0.019,replication,radial
dragon,oil,flat,5031,1.175,1.172,-0.003,1.825,1.828,-0.05,-0.053,replication,radial
dragon,oil,ramp,6031,1.155,1.249,0.094,1.845,1.751,-0.078,-0.039,replication,radial
dragon,oil,flat,6031,1.153,1.155,0.002,1.847,1.845,-0.028,-0.031,replication,radial
dragon,ink,ramp,5032,1.167,1.309,0.142,1.833,1.691,-0.003,0.145,replication,radial
dragon,ink,flat,5032,1.155,1.237,0.082,1.845,1.763,-0.029,-0.014,replication,radial
dragon,ink,ramp,6032,1.334,1.28,-0.053,1.666,1.72,-0.141,0.152,replication,radial
dragon,ink,flat,6032,1.327,1.364,0.037,1.673,1.636,-0.069,-0.05,replication,radial
dragon,engraving,ramp,5033,1.132,0.885,-0.248,1.868,2.115,-0.08,-0.025,replication,radial
dragon,engraving,flat,5033,1.041,0.959,-0.082,1.959,2.041,-0.023,-0.037,replication,radial
dragon,engraving,ramp,6033,1.209,1.064,-0.145,1.791,1.936,0.034,0.159,replication,radial
dragon,engraving,flat,6033,1.207,1.159,-0.048,1.793,1.841,-0.029,-0.041,replication,radial
owl,photo,ramp,7000,1.291,2.023,0.732,1.709,0.977,-0.09,-0.222,horizontal,h
owl,photo,flat,7000,1.484,1.362,-0.122,1.516,1.638,-0.55,-0.558,horizontal,h
owl,oil,ramp,7001,1.347,1.348,0.001,1.653,1.652,0.078,-0.073,horizontal,h
owl,oil,flat,7001,0.963,1.001,0.038,2.037,1.999,-0.07,-0.114,horizontal,h
owl,ink,ramp,7002,1.512,1.398,-0.114,1.488,1.602,-0.304,0.011,horizontal,h
owl,ink,flat,7002,1.166,1.177,0.011,1.834,1.823,-0.083,-0.126,horizontal,h
owl,engraving,ramp,7003,0.893,0.975,0.081,2.107,2.025,0.333,0.315,horizontal,h
owl,engraving,flat,7003,0.878,1.007,0.129,2.122,1.993,-0.141,-0.119,horizontal,h
fisherman,photo,ramp,7010,0.959,1.346,0.386,2.041,1.654,-0.055,-0.102,horizontal,h
fisherman,photo,flat,7010,0.988,1.029,0.041,2.012,1.971,-0.036,-0.045,horizontal,h
fisherman,oil,ramp,7011,1.029,1.076,0.047,1.971,1.924,-0.018,-0.101,horizontal,h
fisherman,oil,flat,7011,0.952,0.969,0.017,2.048,2.031,-0.07,-0.022,horizontal,h
fisherman,ink,ramp,7012,1.08,1.17,0.09,1.92,1.83,-0.0,-0.068,horizontal,h
fisherman,ink,flat,7012,0.965,0.998,0.033,2.035,2.002,-0.046,-0.042,horizontal,h
fisherman,engraving,ramp,7013,0.851,1.014,0.163,2.149,1.986,-0.055,-0.187,horizontal,h
fisherman,engraving,flat,7013,0.837,0.761,-0.077,2.163,2.239,-0.028,-0.014,horizontal,h
cathedral,photo,ramp,7020,0.973,1.24,0.267,2.027,1.76,-0.142,-0.129,horizontal,h
cathedral,photo,flat,7020,1.012,1.003,-0.009,1.988,1.997,-0.058,-0.069,horizontal,h
cathedral,oil,ramp,7021,1.073,1.158,0.085,1.927,1.842,-0.085,-0.129,horizontal,h
cathedral,oil,flat,7021,0.921,0.939,0.018,2.079,2.061,-0.139,-0.117,horizontal,h
cathedral,ink,ramp,7022,1.088,1.468,0.38,1.912,1.532,-0.109,-0.194,horizontal,h
cathedral,ink,flat,7022,1.03,1.046,0.015,1.97,1.954,-0.078,-0.097,horizontal,h
cathedral,engraving,ramp,7023,0.778,1.158,0.38,2.222,1.842,-0.113,-0.411,horizontal,h
cathedral,engraving,flat,7023,0.768,0.79,0.022,2.232,2.21,-0.029,-0.019,horizontal,h
dragon,photo,ramp,7030,0.923,1.432,0.509,2.077,1.568,-0.075,-0.215,horizontal,h
dragon,photo,flat,7030,1.015,1.003,-0.012,1.985,1.997,-0.112,-0.076,horizontal,h
dragon,oil,ramp,7031,0.981,1.1,0.119,2.019,1.9,-0.042,-0.124,horizontal,h
dragon,oil,flat,7031,1.083,1.058,-0.025,1.917,1.942,-0.085,-0.113,horizontal,h
dragon,ink,ramp,7032,1.345,1.361,0.016,1.655,1.639,-0.054,-0.052,horizontal,h
dragon,ink,flat,7032,0.996,1.102,0.106,2.004,1.898,-0.093,-0.073,horizontal,h
dragon,engraving,ramp,7033,0.886,0.622,-0.264,2.114,2.378,0.034,-0.099,horizontal,h
dragon,engraving,flat,7033,0.76,0.518,-0.241,2.24,2.482,-0.018,-0.014,horizontal,h
