cn,subject,span,track
0.4,eye_storm,0.05449999999999999,-0.5983537401777991
0.4,melting_clocks,0.04940000000000011,-0.5660540004439343
0.4,moth_machine,0.045399999999999885,0.7063700588518868
0.65,eye_storm,0.1746000000000001,0.941671775653931
0.65,melting_clocks,0.29699999999999993,0.8726092755775872
0.65,moth_machine,0.17769999999999997,0.9350747072700479
0.9,eye_storm,0.45409999999999995,0.9817067897408113
0.9,melting_clocks,0.4303,0.8440660343304452
0.9,moth_machine,0.5515,0.9621996566270661
