family,domain,seed,n,cx,gen_s,c1,c2,delta_alpha,alpha0,asymmetry,anisotropy,subband_asymmetry,coherence_length,integral_length,fd_std,fd_range,fd_entropy
marble,rock,0,512,0.5,1.1452548503875732,1.6738877831656578,-0.2763075187470394,0.4063747048922597,1.8119086526072994,0.3529621800587868,0.0771607520852361,0.7633485583568986,73.76595729811315,57.05766924869217,0.060112073651209866,0.4666482442013473,3.5821657893982977
marble,rock,1,512,0.5,1.1168320178985596,1.577223625864964,-0.2799695151496063,0.4328779009607402,1.8583535497282693,0.37732356513779164,0.06402265637093149,1.0013365213129732,104.40749353499343,72.91154752342939,0.049909657882482444,0.2920881786871008,4.059778776623238
marble,rock,2,512,0.5,1.1211771965026855,1.596478179046049,-0.28117377307941965,0.4032521490249241,1.8184030993497777,0.3753752121511414,0.06637403857603662,1.0474885172381503,79.0188945044029,60.06319701669569,0.052397181502424964,0.32442183898806576,3.9810133803849768
marble,rock,3,512,0.5,1.1083524227142334,1.597996938923865,-0.2700057933694167,0.40874052498603497,1.7845910367036177,0.4557969290033635,0.06830597035275729,1.1183139489605423,50.05757556603794,39.9141227493371,0.051460927798421215,0.4413437119765433,3.4870241359226384
marble,rock,4,512,0.5,1.1140079498291016,1.6412163869559573,-0.24394107081670902,0.33837912174460705,1.773979749168612,0.5484635229184127,0.08030201912929189,1.0430870200458788,52.90551099451939,44.957122182935,0.05314451759203864,0.32708162127802964,3.94819901824358
agate,rock,0,512,0.5,1.1405422687530518,1.468937714336003,-0.16208184372266388,0.5229904860452352,1.6567460585998806,0.768898832260373,0.08797621085279304,0.9315707563021405,27.783934217579446,26.830933641119504,0.05055541707530698,0.29016978191551734,4.080226089258044
agate,rock,1,512,0.5,1.145075798034668,1.3950014828110346,-0.18691531897776348,0.1419924818820899,1.694443203257955,11.177770158067489,0.07026033820815149,1.0824156527364006,37.32229593992479,35.688035707833514,0.04923465638299823,0.32401778122241875,3.8905034237156126
agate,rock,2,512,0.5,1.1422522068023682,1.392325427650458,-0.16461936188535384,0.5976182240529004,1.6253499817813228,0.5439680113668514,0.08021234886717458,0.9272609395031042,27.834900806336414,28.92417879741042,0.05696576857212436,0.39441088650073075,3.8095931397747704
agate,rock,3,512,0.5,1.1455638408660889,1.4431100940399648,-0.2005690968595829,0.6479300425569221,1.6211492637068532,0.3781944692902565,0.08246318990008064,1.1188730663133548,21.56936491850938,16.38812588909396,0.05068784231271621,0.3221529006515893,3.949751930709665
agate,rock,4,512,0.5,1.14312744140625,1.423267793947031,-0.16326903207536536,0.3798309323023741,1.6168782952563054,0.6100250378074575,0.10487680807470816,0.9232514829010177,21.350134720889635,18.208915529039597,0.05313690868963382,0.31581249389355515,4.027752273217731
weathered,rock,0,512,0.5,1.1208100318908691,1.5723850103496322,-0.20171218213320508,0.21186878598875758,1.915399234437526,0.4836577239861589,0.06553648638208852,0.9102743345524901,99.48337876365957,74.69532706936131,0.09044597767878283,0.511339414613623,4.0673930078607965
weathered,rock,1,512,0.5,1.114020586013794,1.4663643395618657,-0.22351022888509608,0.23925773775313885,1.8080915052690796,0.9399130539118724,0.06724303000304874,1.0478114913382939,77.13465254269344,58.57542915876303,0.055799980330007326,0.428128498529476,3.6154595640508234
weathered,rock,2,512,0.5,1.1078741550445557,1.4988951576844005,-0.21977200396923163,0.17166354154802033,1.7613064118230186,0.0,0.09744318255524728,0.9836299212183528,108.16018770979069,79.43975691788035,0.07374306989149222,0.5195862016096595,3.7518947645715994
weathered,rock,3,512,0.5,1.1070151329040527,1.4930196015709265,-0.2115462711769279,0.18298029165440965,1.8780099181161347,0.5325366165803399,0.06691562824634506,1.0712229780292266,125.20612296875892,84.78412161939285,0.05889928218445611,0.4744229132122646,3.569489013308894
weathered,rock,4,512,0.5,1.1141228675842285,1.5519052592688527,-0.1967783022689854,0.1877203092923736,1.9231828752268698,0.05756427704848508,0.08514133436571704,0.9292028661709603,109.73756372188217,81.91759084177183,0.07495276959060293,0.45967659298845254,3.986441250507753
granite,rock,0,512,0.5,1.0537586212158203,0.9931252929967129,-0.15998780089605405,0.5903232840819337,1.351787184697859,0.20304929022648763,0.15242548586899593,0.8012651152998407,5.01591486263508,6.329375265523556,0.04129288112243162,0.3624713602527354,3.4515679127744963
granite,rock,1,512,0.5,1.0590190887451172,0.9433379954698918,-0.18421577426539526,0.4951871219615738,1.2739258971043,0.5107227362249989,0.1238632926122657,0.7781954093984,4.1012010627531215,4.881942084670439,0.03844181035801886,0.2976350574642894,3.6275468449252615
granite,rock,2,512,0.5,1.0633649826049805,0.9836571621245002,-0.16164848124618475,0.5178983472567227,1.3350506672758193,0.9353630888234035,0.12996507666400675,0.8963330730591088,4.286772343617056,4.339039409328094,0.03747162240428588,0.23507702681526288,3.961209257569208
granite,rock,3,512,0.5,1.0612542629241943,0.9994160419763148,-0.17477102823485705,0.6607915073479953,1.3405823859604824,0.26167229277072424,0.13066481967086446,0.842321897312074,4.6385113889613905,4.269393982657209,0.040293410723823184,0.26256124834649697,3.9016301074386988
granite,rock,4,512,0.5,1.0607824325561523,0.9662099979540042,-0.1739666082070062,0.6912381023865359,1.3627198312641542,0.3062146323614161,0.12072935778228562,0.8575115375363372,4.6060216588502945,4.299569406136807,0.03952094273402748,0.314450675717695,3.605881689076478
vesicular,rock,0,512,0.5,1.0785472393035889,1.210107962586289,-0.14277329265889935,0.6164398617924718,1.5807755529469187,0.223985396760221,0.17106818157486156,0.6298295520182065,23.106386637678007,25.168671245781656,0.03468908067113168,0.2689657652089088,3.577915547106667
vesicular,rock,1,512,0.5,1.078972578048706,1.1101240749860692,-0.17074352227114054,0.4626241596284615,1.5435908461014285,0.5786383718529141,0.17604061535720547,0.5543283933120877,20.31877168847706,28.16831276600254,0.042803421700080016,0.30129480538051023,3.6514483442345367
vesicular,rock,2,512,0.5,1.0723931789398193,1.1075943356143247,-0.17302881020422614,0.3895752551404481,1.576469010337801,0.4114271829333574,0.1708783097075628,0.5606927016210438,17.495427487755965,20.212391622734774,0.04791258503346496,0.383800447553833,3.2665222559790887
vesicular,rock,3,512,0.5,1.075613021850586,1.1335650362089498,-0.1577921931836791,0.5016261676422253,1.5240475353036198,0.441281866284945,0.1730779398599908,0.5599027422442042,13.47796130914773,14.38292234701213,0.03499091462867796,0.24080007439460793,3.8214234312133173
vesicular,rock,4,512,0.5,1.074432134628296,1.1397028420080588,-0.18230475884231367,0.41223291172090715,1.5846187245981893,0.40701617296028875,0.18319415545150758,0.5570432277395512,12.109084010172309,15.766854716048293,0.04429227699605445,0.32103763630418936,3.666851300243959
turbulent,rock,0,512,0.5,1.1459159851074219,1.1568221679871278,-0.14550860997933382,0.3230607735919193,1.386821163203038,0.23242729572845058,0.08641341265744071,1.1654729245120499,7.882732950204563,8.289184044370524,0.04652368876415005,0.2870685762477341,3.970549503512551
turbulent,rock,1,512,0.5,1.1459462642669678,1.1533914843587372,-0.1599075369534412,0.6646287305463598,1.3380530478561605,0.4360517972537106,0.07791391510555677,1.255682954910278,6.06384793685084,6.205818677272546,0.0427253651981076,0.3185621295034804,3.7017280864461544
turbulent,rock,2,512,0.5,1.1472234725952148,1.1403909426360266,-0.19087736763614138,0.31708155651744185,1.3284857759835647,0.7506141307722095,0.06769070041736867,1.1761134574078316,6.117369051428076,5.844272346447984,0.04394841567377208,0.3261607080691382,3.702691576049419
turbulent,rock,3,512,0.5,1.1433005332946777,1.1590126901410183,-0.17565780607594533,0.5809832414000953,1.406130788749012,0.3379717387163295,0.08191849620769502,1.2457690674683641,7.2983081223500665,5.936671682351176,0.04296613506694393,0.2528588491689838,4.052907568107681
turbulent,rock,4,512,0.5,1.2051002979278564,1.1977827150206766,-0.16378349571542697,0.5487749329538794,1.3563687321536364,0.4140604115003054,0.08041038449202577,1.1416228432494815,7.736859912966208,6.1946200381241905,0.0477792291540356,0.28853177431407895,4.017924797298833
schist,rock,0,512,0.5,1.0808393955230713,1.2263715510869366,-0.16916065676276887,0.6499223186811758,1.495496436396985,0.48708782231540837,0.12819641092952314,0.9250010840190075,11.985927335036704,16.010636149926963,0.0478993675760217,0.3044711185177409,3.920296386969336
schist,rock,1,512,0.5,1.0875639915466309,1.163430202490981,-0.20028208362736555,0.5555475560140639,1.5057734056373686,0.45050056527483195,0.12653545626988344,0.9324754587351816,14.925690917247579,23.175668776622494,0.05087504419368148,0.3561388041194262,3.7829248004175313
schist,rock,2,512,0.5,1.0799777507781982,1.2010116808981635,-0.20631224258499548,0.6087209204469453,1.496463441602223,0.4358898841600257,0.14728876292999415,0.9466743644211345,10.86336429201123,15.114753199395938,0.04910951924632184,0.3751988083436255,3.635498235375832
schist,rock,3,512,0.5,1.081087350845337,1.1927048879947688,-0.14597823562721216,0.5974375676036967,1.4873356807739688,0.4062805384488955,0.13488262180250055,0.824093612196179,9.082628290507657,9.712623470073186,0.04703446541905486,0.28471300710500635,3.9677791326212546
schist,rock,4,512,0.5,1.0847265720367432,1.213446440606728,-0.1158561234050236,0.8326812739745968,1.4635839861061206,0.7068693303418944,0.13865271802174503,0.8550710679524615,9.477496730160155,9.692886919086137,0.045323631566228914,0.29439027984506216,3.8844665695974396
serpentinite,rock,0,512,0.5,1.1551077365875244,1.3231558235939367,-0.2120013706315383,0.4451690651795497,1.624599555253098,0.42492435552470076,0.15574309903683575,0.6341915825394051,29.858441534699537,28.48457101035089,0.04914534779652179,0.39620653707653863,3.530661120170094
serpentinite,rock,1,512,0.5,1.1594102382659912,1.290129849335621,-0.22400661940847905,0.9353693968983503,1.6258363878897026,0.17745878600912393,0.11546918978409973,0.811512991169418,38.94933528246526,38.19854830889575,0.046680780898690565,0.34636646191801734,3.700308571005137
serpentinite,rock,2,512,0.5,1.157665729522705,1.2325184963940115,-0.2979325622700964,0.2570394359172834,1.545571011861382,0.23676561884464595,0.11510815738870561,0.8281033293745385,17.431478345086006,21.73358806619778,0.0714023138069943,0.43054320059070417,4.005436647524311
serpentinite,rock,3,512,0.5,1.1608672142028809,1.2789268502391236,-0.3842048120178959,0.5229516882911458,1.4548413965568474,0.7138091859277933,0.16968971301367697,0.7300867941607452,7.60602744531853,9.398398527381099,0.06378847199366743,0.3503142437701743,4.130788032579291
serpentinite,rock,4,512,0.5,1.1570463180541992,1.2741977657812353,-0.25835209762926453,0.7809987888296872,1.5380629551114597,0.2606892654566888,0.15447448435859465,0.6542674666256646,14.946646764681095,15.40269756236452,0.06920480505807193,0.4245105032198726,3.834341182649964
flow_banded,rock,0,512,0.5,1.1449463367462158,1.4193645913029114,-0.1991170055513289,0.5120358258660973,1.6152046075551372,0.9362029811479102,0.1357052694914953,1.033981582405078,26.227790425930777,25.7194299485356,0.054074486344406154,0.2978060219713674,4.144356352621223
flow_banded,rock,1,512,0.5,1.151665210723877,1.3607374472773401,-0.18476145639114036,0.4721393442962949,1.678818316350616,0.6730233922800817,0.1465962370442167,0.9984531632940249,39.318961859581414,36.77355139639977,0.05473123191639648,0.344989619420049,3.934580599833246
flow_banded,rock,2,512,0.5,1.1475903987884521,1.3263695782281784,-0.1975823955746655,0.7194004293159502,1.6016550283049484,1.1806319405727905,0.14971533047681346,0.8571195399708692,30.435641305387747,31.824157139999286,0.05862010656908064,0.4021642024752463,3.8275223810922476
flow_banded,rock,3,512,0.5,1.1461727619171143,1.257194296450529,-0.19202783621190067,0.7011756251525618,1.5621490118644097,0.29475805204372624,0.17085878394101103,1.0042346052298845,21.15564940693804,19.375537775499275,0.04838451417980726,0.316750251000423,3.893963323223665
flow_banded,rock,4,512,0.5,1.1418383121490479,1.3216454453819428,-0.24571442265869453,0.5552568732605163,1.4863819439345,0.46776925224221927,0.15064531863106823,0.8969545548004416,19.4556617157029,19.679154604966012,0.054234620491878584,0.32072389557662184,4.038931152275959
convoluted,rock,0,512,0.5,1.2071921825408936,1.479820213208494,-0.15188965541888094,0.4671994001705002,1.638308068419409,0.34805022994304563,0.0662720048385496,1.290139643626895,25.20238356209065,22.324232262893933,0.048581888568782865,0.2708719869413079,4.129197125754974
convoluted,rock,1,512,0.5,1.2141759395599365,1.4764473742122666,-0.14425045438371367,0.2718130711224047,1.6568251351438148,0.6487243554060337,0.052645321701925776,1.2585706428923498,34.73910123917627,34.892856345187084,0.04790181857591367,0.3112722124275864,3.907763878735527
convoluted,rock,2,512,0.5,1.218212366104126,1.4493212682129057,-0.17325052790456574,0.27434717920480534,1.5798445833931307,0.38790479230761354,0.056793957336548344,1.2041779760479623,24.12917489974025,24.6581099138185,0.05470481693181699,0.3600867123943807,3.8932687287255283
convoluted,rock,3,512,0.5,1.2209231853485107,1.4518311401701287,-0.1867273631059156,0.9129928369231681,1.6146018971841922,0.31777757428786163,0.07355624865251813,1.3644083170726111,20.65007961628351,16.151377910906337,0.048646788097402624,0.2896333593238225,4.033112708480037
convoluted,rock,4,512,0.5,1.2199931144714355,1.4518572909858551,-0.16389872462642296,0.42921063444195884,1.6484433644106131,0.6070215463487855,0.041128349949558524,1.2682359809434351,21.283829459506123,19.300130695847667,0.04808644772253653,0.3224960475657719,3.8569458593727033
gneiss,rock,0,512,0.5,1.0742204189300537,1.407754454918384,-0.028016901376374213,0.29827832061667436,1.4192093889031243,0.6695965751635969,0.05535117227820373,0.9319190936255008,8.398313194806562,5.836244605671895,0.04147498799342222,0.273847848330075,3.7945067656511524
gneiss,rock,1,512,0.5,1.073683500289917,1.6998365248606542,-0.014427799937747777,0.4292842396200385,1.4637289245883363,0.5547995215177846,0.07363521772436711,0.9594809009566116,11.600425438760384,7.6510863772273305,0.04614743305449549,0.321380936805737,3.713932804630667
gneiss,rock,2,512,0.5,1.0750186443328857,1.5686954041830499,-0.0210288793502659,0.320077913045381,1.430328648977078,1.5696737302070045,0.05602105968546425,0.9525510191073225,10.027766033922589,6.842141466465428,0.04420053531867467,0.25995944042036845,4.0178724469663
gneiss,rock,3,512,0.5,1.0744061470031738,1.8234118483568627,-0.02376688678060569,0.3278957301070733,1.4709078475768476,0.6353134147813848,0.09895789612316572,0.9530466186813956,12.712908105668573,7.833677087282574,0.04606741344707825,0.26842472874144274,4.00514702318433
gneiss,rock,4,512,0.5,1.075204610824585,1.5498532168016774,-0.02048559324249486,0.40342237518349044,1.4090790344704014,0.6583025920147378,0.061510555367623725,0.9234655268640588,9.672242632573012,7.055233281469808,0.04635483900163692,0.29288661997304377,3.8223490487557976
cascade_lognormal,cloud,0,512,0.5,1.1530425548553467,1.8441321399277626,-0.15667437168255327,0.5066566220527058,1.909363208364019,0.25771737468379896,0.020496929300959824,1.4992442486007735,83.64051998344713,64.9349166068933,0.038426268493176645,0.24646373207838446,3.934080325641297
cascade_lognormal,cloud,1,512,0.5,1.1542692184448242,1.847056713630702,-0.12055801238133684,0.35952373257526204,1.7965095959916861,0.5202798234505738,0.008085978788865305,1.519741088151843,65.9666345078329,53.98208378442327,0.031481683992856724,0.20557027430911923,3.90439939042268
cascade_lognormal,cloud,2,512,0.5,1.1540436744689941,1.901311605346867,-0.20993156329125895,0.2806444515751494,1.9010072879012876,0.14126904535106447,0.013848268769955055,1.576652810397589,78.38477285709929,62.43713709248522,0.034841615302678236,0.20885270663246613,4.037241576614871
cascade_lognormal,cloud,3,512,0.5,1.154787540435791,1.9017586165564762,-0.1558407623932625,0.5571508646695591,1.9431189618010554,0.5512409853119545,0.030906387042778555,1.5599583875336782,96.72526614019222,73.4852515361848,0.03691407268564182,0.2595509969761527,3.790669739969529
cascade_lognormal,cloud,4,512,0.5,1.1517069339752197,1.9130206944805257,-0.16062632388247447,0.3464646242384646,1.917142044464748,0.6012147450496508,0.006180813508487543,1.5649464291520265,91.29689072226044,69.52123284962711,0.030807256375178015,0.21805518530316803,3.7929346752316273
stratified,cloud,0,512,0.5,1.151747226715088,1.965737849426145,-0.2114506868052725,0.552875979266112,1.9142499664823718,0.3829295714820263,0.10530942210942068,2.4477264934816745,99.53788158381151,73.98170699874544,0.04185845997293906,0.23104647569803038,4.1394476680749905
stratified,cloud,1,512,0.5,1.155418872833252,2.0116713661633936,-0.16398405681798145,0.4500828445026279,1.7970260741058983,0.33728938549231,0.13315487867179648,2.50677600075126,88.05899696047234,65.25353368440838,0.03686900165606819,0.2438408851876308,3.8833467139777853
stratified,cloud,2,512,0.5,1.1583175659179688,2.0056754680975435,-0.2038783199486977,0.4906953490287851,1.84351524359036,0.4425282777351646,0.13678226253716846,2.4743307413886635,67.3642033348679,55.60335472664876,0.03735179075540535,0.22692200010329833,3.981873077624237
stratified,cloud,3,512,0.5,1.1525118350982666,2.0436473829928175,-0.1764092958246555,0.6342656225285559,1.9183656292047746,0.7123160430415532,0.1362229634749332,2.5721623107429,81.46498639470927,63.8195901410081,0.04346428269719953,0.3498456308185247,3.552848615506007
stratified,cloud,4,512,0.5,1.157616376876831,2.092215376494651,-0.24098736367233703,0.36168220718534805,1.8840572561713869,0.6832397248831168,0.11954048925948774,2.5175804945481515,86.20996450977908,66.53775119886328,0.03740197304575732,0.23060111601643385,3.979508441258268
billow,cloud,0,512,0.5,2.5932493209838867,1.993622511534771,-0.26142320781427153,0.43643506461072334,1.8200433836230125,0.4754512636793878,0.04113734970074306,1.9720609068974808,48.44645689804169,40.02058959695659,0.06111170366303031,0.33974473924129667,4.086028374895465
billow,cloud,1,512,0.5,2.596972703933716,1.8046399014951682,-0.2471707025523051,0.48116917594021835,1.7247097098112665,0.5977979341816952,0.01962022963225343,1.649825904106377,46.20854242350919,39.43318651378136,0.07174701222189972,0.4616098232546859,3.8714316076053628
billow,cloud,2,512,0.5,2.6070194244384766,2.0084112993780407,-0.2676552561797254,0.8141168157826542,1.8361998710334195,0.2645275390968527,0.0346408264082719,1.6288675637983818,46.66936709405018,39.439443277889616,0.061350855008652866,0.3706110493036876,3.949028914523067
billow,cloud,3,512,0.5,2.597041368484497,1.9483248953482282,-0.2713939991270625,0.44989143360732164,1.888554617218602,0.5328101517076446,0.027344050343341492,1.4751151289789415,69.51888676965419,55.54073957002088,0.05987190623075971,0.49472575512358885,3.4111275507507224
billow,cloud,4,512,0.5,2.5799272060394287,2.03474872823862,-0.2596408129163015,0.5021973660594892,1.7951261296651326,0.4657337375379675,0.03448926648448287,1.373609303936013,57.61824017652575,49.45737381139135,0.058777362984927195,0.32504927134744044,4.12026029507323
cirrus,cloud,0,512,0.5,1.144838571548462,2.1817544961248467,-0.1638335008990806,0.38745403125092004,1.9041238851936544,0.5777386820600926,0.0789287907910027,2.251639148568721,82.94632925234559,64.49520514858875,0.03704317277460607,0.2201899976963999,4.016282818955631
cirrus,cloud,1,512,0.5,1.150547742843628,2.1874635538535707,-0.1406414837695566,0.5202721291924401,1.7525947731053246,0.41743404217913,0.08481717856428891,1.954802331030787,57.76088141629352,49.80366292183031,0.03707916751442358,0.24965199014207728,3.8227309315100895
cirrus,cloud,2,512,0.5,1.1578528881072998,2.275675972780194,-0.19129626521416157,0.3424545039904139,1.8989968315136707,0.13610587279778938,0.09765826294711492,2.073559109812371,78.5712106128388,63.25828616543001,0.03336928075145701,0.2190345278485395,3.847367359621159
cirrus,cloud,3,512,0.5,1.1542491912841797,2.307499248460709,-0.17630085215326188,0.44479280428547163,1.9451712134737082,0.4574964917195949,0.09993168690923808,2.4658471358145584,97.6522223270656,74.75830358733307,0.03600302814158822,0.21805299200598416,3.968408999159089
cirrus,cloud,4,512,0.5,1.159912109375,2.2355105660466417,-0.1557772707184838,0.48219534065715663,1.918541698112124,0.28323102439459263,0.09313204359598448,2.2674772803737153,89.06188335337382,68.74391022637748,0.035079173139098405,0.22722999577509695,3.8700122641823222
cloud_mrw,cloud,0,512,0.5,1.0743398666381836,1.34053520608545,-0.2202619633054637,0.8469337517240874,1.6213947066861993,0.2151206165069177,0.16049023265754567,0.6307117395252098,26.742566706482886,28.400079749955662,0.03681587922607826,0.2991728126906441,3.534406735529661
cloud_mrw,cloud,1,512,0.5,1.0723700523376465,1.2037715633584012,-0.27225512979869226,0.5575133378037549,1.595359648613584,0.5418737930535042,0.16346753598838634,0.6107082882558857,32.595400554675535,35.917722986924424,0.03484635133850046,0.23612879701374068,3.8615164810585574
cloud_mrw,cloud,2,512,0.5,1.073577642440796,1.206973105501375,-0.26502299058836276,0.4805886348596804,1.61993087702111,0.44679155121869607,0.1615670018697463,0.5745449425078089,22.899136733321715,25.339354390273805,0.034917348847748664,0.21800778848056312,3.9651699101087337
cloud_mrw,cloud,3,512,0.5,1.0751893520355225,1.2176559497584578,-0.2734539965807548,0.5686905726760632,1.5630375810282153,0.4170961628395183,0.1718964586914352,0.5838990590262289,16.17668407073263,17.426576961634808,0.038261178879647945,0.2347195009619658,3.983673933683035
cloud_mrw,cloud,4,512,0.5,1.077294111251831,1.2508881249984016,-0.2799378882319308,0.5579302084844162,1.626722425184537,0.207007205986446,0.15188752801837255,0.5807170836380529,17.68255455215285,20.189862694629642,0.036868212293519165,0.256587362441258,3.8198875990423655
cloud_multifractional,cloud,0,512,0.5,1.1285991668701172,1.5048898132803181,-0.3219722521346652,0.30139847872862546,1.7419660320089227,0.7721573129956986,0.12788923417666798,0.6785022884552644,62.21443731743231,49.66865491596272,0.17231274904804342,0.6919486611143455,4.47819641493124
cloud_multifractional,cloud,1,512,0.5,1.10206937789917,1.383146272756254,-0.2855487152196534,0.3533907950333379,1.7744553722663508,0.6263483172780034,0.13922320132578783,0.6701683053758697,86.05459914034846,62.717983756963285,0.14395257999387656,0.6442268651247542,4.0234974014704665
cloud_multifractional,cloud,2,512,0.5,1.100839614868164,1.5269584185255782,-0.2582017999977915,0.29975330226323704,1.852273592990489,0.19871164846984252,0.09324907803547948,0.7181369709983476,94.8888333753623,69.84557515992047,0.14248218058812634,0.6918721765309623,4.237749460590587
cloud_multifractional,cloud,3,512,0.5,1.0986905097961426,1.6260748581821263,-0.23513082045218628,0.2484580306568489,1.8343291195761036,0.41234494554558254,0.10100656759037652,0.6985075906474246,80.95537029166812,62.639662281462556,0.1584504490668787,0.6759499975196777,4.414761371466019
cloud_multifractional,cloud,4,512,0.5,1.103546142578125,1.6273401991855219,-0.22622598131147423,0.25020364558550945,1.850660707874694,0.28443145015832805,0.09657404328945494,0.7307117645044267,107.63708641079451,75.1878493688432,0.13950610202784147,0.6499207807548717,4.340485255406151
warped_fbm,cloud,0,512,0.5,1.0111465454101562,1.4713727562173398,0.002239644340125583,0.22997758954605985,1.7786770570374388,0.7402954056522608,0.05631526057728776,1.0332055209511741,59.12610592379521,49.06494044908446,0.036913618204574936,0.2242707282668337,4.003656952688716
warped_fbm,cloud,1,512,0.5,1.0110878944396973,1.4786134457365971,0.002063044170838761,0.31422903343191777,1.8747269931316664,0.5973790251104995,0.061273634356306006,1.0345072162566968,96.07116766936232,71.61035764486164,0.03921924950760518,0.21180873224748353,4.174226910023064
warped_fbm,cloud,2,512,0.5,1.011765718460083,1.5110046337349647,0.0016572128805574591,0.08563634625221983,1.8652117389087106,,0.0451902543873075,1.0113780876359808,93.31569056799816,68.96944836246016,0.04024737166628212,0.2648254473623628,3.896402568496639
warped_fbm,cloud,3,512,0.5,1.0142486095428467,1.4772785231493872,-0.0021860297661733365,0.22249828039858066,1.8192022328578548,0.5735875886248581,0.04913679739944349,1.017003042714676,67.64044454595981,54.12115148660123,0.038869870320860006,0.2290325537283633,4.043702098895429
warped_fbm,cloud,4,512,0.5,1.0108115673065186,1.461861724737272,-0.0038137617292890993,0.1437670254854897,1.8145256825676803,0.4879459513648664,0.05529827322979907,0.9898403352416254,94.50316751261293,67.71690648509681,0.037945501018711844,0.2397381229452451,3.9631206299297377
ridged,cloud,0,512,0.5,1.2579469680786133,2.9479793812804225,-0.7266393447652043,0.32120195418727704,1.989847171161761,0.2392772850267193,0.0038356252236024066,1.7576895839992799,105.51002639276314,78.9353804192481,0.025220463640496446,0.1563097783778442,3.903097417498443
ridged,cloud,1,512,0.5,1.2548792362213135,2.959938530445092,-0.7378664125279956,0.4918930943431761,1.987487482739784,0.18535874961624035,0.0025290082656012937,2.1365157248591276,97.73252510679174,74.80953944275556,0.023309748928854946,0.15281464597032013,3.7839292382271603
ridged,cloud,2,512,0.5,1.256007432937622,2.973072670514916,-0.6650928034664727,0.28538046427356356,1.9822247818840593,0.16117512699252098,0.00662727741871599,1.757431504840997,104.91466860845644,78.20839826189047,0.02324466156250439,0.15163504223429403,3.82600827021684
ridged,cloud,3,512,0.5,1.2568490505218506,2.872761831239231,-0.6509746921196715,0.44977752269759286,1.974820156525321,0.10580961639918984,0.008701067492680981,1.8885866945908172,68.09615599687905,56.70195344726515,0.02609246549551878,0.14969070742059087,3.9947546410793935
ridged,cloud,4,512,0.5,1.2592129707336426,3.015831950718096,-0.6522096035203642,0.214184448098532,1.9986418824640344,0.16641131494950678,0.007892111110442142,1.7855123568556464,93.34674775439065,72.53490924955713,0.026963355854204056,0.1724983317160309,3.77338271456439
curl_weave,fluid,0,512,0.5,2.133331537246704,1.7958265646305822,-0.07259870672491524,0.4502061931004615,1.746636067592763,0.5746628233049574,0.03761575611342149,1.464146692152185,38.34412853693374,34.22853761139724,0.05454597610430669,0.30341693671809056,4.068924698316037
curl_weave,fluid,1,512,0.5,2.1453332901000977,1.8353527711440536,-0.09336009357281003,0.43121143610929913,1.8489552744339202,0.3675407027927537,0.01127534031802537,1.5185037486075563,81.91136161759272,61.35875076173623,0.0532039582291483,0.35219919626654983,3.748753779011846
curl_weave,fluid,2,512,0.5,2.1319949626922607,1.8688803141293433,-0.08208114214902675,0.34821142268248906,1.7437911321667148,0.10584322502109497,0.012831446698357982,1.6187986434650026,71.93411084820511,56.13670247443707,0.0460389556183489,0.24721146228815005,4.152775146031755
curl_weave,fluid,3,512,0.5,2.1182427406311035,1.842436465581756,-0.09647536087877452,0.4840250886943789,1.7501946643240889,0.6894625660101368,0.030626975341422127,1.8569853775091565,47.155414688935416,38.54029951692327,0.0544285888243494,0.35854412362518717,3.8295574477359704
curl_weave,fluid,4,512,0.5,2.123234987258911,1.8648313302268245,-0.08266203369455123,0.3520706676695067,1.7734822095674527,0.22926679681472906,0.021429509381727396,1.4675112621305122,72.62108763054495,55.9803347598062,0.05007202073057299,0.3016276987815787,3.92060105066119
choppy,fluid,0,512,0.5,1.1534693241119385,1.9681659144435804,-0.19853368277195174,0.3583307718000466,1.9304739310479562,0.23321699444131078,0.023439907991858546,1.5304001783763512,96.26777841016872,73.89492124173982,0.04089479215636283,0.22866908517032858,4.124252151131209
choppy,fluid,1,512,0.5,1.152514934539795,1.9624770558693283,-0.17652848038211646,0.3773360595195818,1.846864115808706,0.36971857232241834,0.005442270062029909,1.6628336085403426,86.27468548723255,65.42112264754986,0.03163709787843174,0.21318688249397466,3.8659336496819128
choppy,fluid,2,512,0.5,1.1540319919586182,2.026712688996985,-0.29533766675437123,0.27363739999501435,1.9266529715391503,0.012737430837071956,0.01346425768305838,1.7460824376278286,89.25843365847673,69.65473799147159,0.03429419051383133,0.22937078628576213,3.8719607196277432
choppy,fluid,3,512,0.5,1.1499006748199463,2.0178066029293005,-0.2632758309044894,0.4372850470497376,1.9644132424791203,0.49231768544212745,0.0374573453929663,1.5503829340504227,108.31374053834126,81.76948042563677,0.0400177944331029,0.24323807586863833,3.987850908385408
choppy,fluid,4,512,0.5,1.1532607078552246,2.0162985915071983,-0.21749098620697294,0.3609208275736986,1.9380672355109418,0.4918785996756352,0.007365574404060237,1.6924664115959285,101.95277924198145,76.70077411418403,0.035153837618370244,0.2270256367429897,3.92262803799605
eddies,fluid,0,512,0.5,36.15313196182251,2.061832659627438,-0.11287539733986365,0.5342513750383056,1.5663814211121836,0.39356018193049735,0.017837923343373557,1.6018732671495066,13.26693434245756,8.209610985419305,0.031836090317361565,0.17741139954698681,4.053710096331436
eddies,fluid,1,512,0.5,36.495481729507446,2.0618798508323337,-0.11312784751212474,0.6094646631009573,1.5952301013143875,0.38299337383731213,0.018071783173722593,1.5718449766570537,13.690267639624457,8.80541868224634,0.029812140987093692,0.22382065495541648,3.599035757413319
eddies,fluid,2,512,0.5,36.67874884605408,2.053451901129968,-0.13622415471644286,0.5943288473876303,1.605414115362822,0.5509722141124829,0.011896408824647941,1.5794081285086583,14.085606422289674,9.608528381346755,0.028774274195448483,0.1974966889712939,3.8151677160039763
eddies,fluid,3,512,0.5,36.91315197944641,2.0796000952126414,-0.12191823513083987,0.5593542730756527,1.5097321024866897,0.16508902885074103,0.0171111379104623,1.5197892825537023,12.76622091670376,8.177461815599608,0.02983732162106414,0.22856490734238744,3.6045804387407974
eddies,fluid,4,512,0.5,36.478652238845825,2.046277255471544,-0.10511349798726435,0.892441391986253,1.6356069491211889,0.4035683920620287,0.033720205993474965,1.5294041746294713,13.026374175875382,8.666299352136937,0.028019141839426318,0.2170593240983636,3.619511800045589
vorticity,fluid,0,512,0.5,36.306270122528076,2.3359690507793003,-0.11082553929600313,0.6548606725604236,1.4871804508487745,0.5333963105093827,0.009345524723252653,1.5243852890875271,12.35626210406263,6.549220140976221,0.02319090652706999,0.17962379329842992,3.6365058019281293
vorticity,fluid,1,512,0.5,36.28788423538208,2.3340617605191687,-0.1097975932114233,0.5927158548720595,1.5394744585710836,0.45637565004953395,0.006460574722123606,1.516244476615361,12.257703438317378,6.7289468158008905,0.02357679238040123,0.1423753722841874,4.016372605687403
vorticity,fluid,2,512,0.5,36.648630142211914,2.3834768343536332,-0.09478959839825986,0.300332200430276,1.478102094433569,0.7537970301208597,0.020739585210572585,1.5661576139056492,12.155671418180573,6.543591237575058,0.025787845698072537,0.1722575584535262,3.8132442944567115
vorticity,fluid,3,512,0.5,37.02327108383179,2.347298332703404,-0.09641298825429355,0.9794574618667387,1.4781370004743668,0.1698582661133166,0.0073025426300361036,1.5468412339161655,11.832258877781362,6.577193636590095,0.02136872464410391,0.14108152451181155,3.8438844258072082
vorticity,fluid,4,512,0.5,37.01292586326599,2.3095169533465336,-0.10161833666967365,0.6384206625061619,1.518837801376359,0.3938962549350477,0.011619336073996405,1.581881205154564,12.151129424917979,6.690613130515948,0.02060897522829088,0.12615958338427946,3.992239121916637
dye_diffusion,fluid,0,512,0.5,2.0999879837036133,3.3118807165204616,-1.2133951984897606,0.5992319099336196,1.947041094905832,0.31099042951126626,0.016407815638363604,1.6169561312526175,80.933846957377,65.61402946344111,0.05333023484342489,0.5937569307960466,2.49269166317786
dye_diffusion,fluid,1,512,0.5,2.098649263381958,3.291820977779775,-0.8052793426735938,1.0234133026184313,2.0065130476881343,0.20515824402026292,0.05677122706502549,2.4126869137959885,79.04545171639538,64.24047069176879,0.032463634909371965,0.3151806849155694,2.8939956671464944
dye_diffusion,fluid,2,512,0.5,2.1023244857788086,3.3349423938017373,-0.8684757264669034,0.33299849236857604,1.9822376038772027,0.5383836035341932,0.019796590681867565,2.7820920109442002,77.17752631860694,62.42359385057578,0.04807227774306987,0.4073118618441667,2.822267682888982
dye_diffusion,fluid,3,512,0.5,2.1067473888397217,3.301016341595416,-0.7995175756197027,0.6034634976063451,1.956313480922184,0.24467338270406164,0.04838264151549564,1.7635409318871416,67.72471372985319,57.49186600275492,0.037193485439698686,0.27805077924780175,3.3050412788799157
dye_diffusion,fluid,4,512,0.5,2.1083874702453613,3.3718462329618064,-0.9397694618536495,0.7335628482692478,1.9788976311623587,0.8608606698099861,0.04379459498230751,2.3220652088858897,93.10065255977409,72.38601529073873,0.050185829898114834,0.45879038301854,2.658296227449845
rheoscopic,fluid,0,512,0.5,1.833815097808838,1.4510662291104777,-0.04586084225010268,0.3250404868518366,1.5294332043067183,1.3583281700602197,0.05387318248802653,1.1384316094488813,16.2522452161662,17.15784166420726,0.05282056026641449,0.3391156266819073,3.9406503233850154
rheoscopic,fluid,1,512,0.5,1.8362040519714355,1.4675488658212212,-0.0424387920535822,0.32285208991070924,1.5601920197064465,1.485146661476648,0.03332558546250669,1.1455053841895415,22.827865055197847,27.745164902295446,0.044724732061013635,0.31460631730023003,3.799186028543457
rheoscopic,fluid,2,512,0.5,1.8353173732757568,1.451769554191107,-0.030901470377112827,0.34748397729027136,1.5645986192027075,0.4399707483491778,0.03131899862310701,1.1404777574975824,26.58385579884526,27.989280743950598,0.053233790099983476,0.2984596850321162,4.111795720486884
rheoscopic,fluid,3,512,0.5,1.832925796508789,1.536799831589064,-0.024053464269198424,0.4579524891582807,1.563769548777013,0.21662388884654712,0.03835319355681401,1.1374543450680004,17.1527667064885,18.54633511843067,0.05231818941315979,0.29991479593009807,4.093100166527554
rheoscopic,fluid,4,512,0.5,1.8343472480773926,1.4699137202331913,-0.039345774544284076,0.43325303459665676,1.5978174515419972,0.7458129211690934,0.032950701467019713,1.1624373348771422,19.54929209309634,18.372512848429274,0.05226441321210338,0.31048965342157553,4.016665032229728
burled_oak,bark,0,512,0.5,3.357288360595703,0.9582806550679879,-0.05085617159157281,0.06683205764863409,1.3647476740025346,5.457688606386725,0.3320820324040672,1.4338685272325797,4.26436743406458,5.110101045500775,0.10733727107661885,0.5077067425553823,4.251940977541199
burled_oak,bark,1,512,0.5,3.31687068939209,0.8867395254811477,-0.06476378515705604,0.4074922017155318,1.269792931922728,0.6124529999595765,0.481188732379356,1.2059722859725015,4.219483750805555,6.522882139317324,0.0993328312646242,0.5812068786234366,3.9574364841530336
burled_oak,bark,2,512,0.5,3.507152557373047,0.858210607237636,-0.03510167849804368,0.328840716117881,1.300274511463346,1.003386568620472,0.5158082990040843,1.4699745284364425,4.164991924088287,6.672845996072316,0.10388764465758858,0.5949778577232081,4.079611148481853
burled_oak,bark,3,512,0.5,3.349632501602173,0.8614561451199535,-0.017557127154166418,0.1205612729863712,1.4134371926842608,0.20290381970477678,0.4934239312334109,1.6249705864533628,4.526270686325736,8.112002388159762,0.10960708482512725,0.5485972771627674,4.222592991899465
burled_oak,bark,4,512,0.5,3.4288201332092285,0.9326917109518309,-0.034159634143819353,0.3606249156253174,1.3222110449521551,0.39049684070670715,0.42974770790595296,1.514379626226325,5.076282103554044,9.487189312004583,0.11474288294385836,0.606041242517239,4.1187696901410655
riven_oak,bark,0,512,0.5,2.1747567653656006,0.9960024746549705,-0.08641471618606918,0.13164734471336992,1.3291760600648876,1.1524549030554736,0.6034232315729677,1.3927378082669197,4.601489346969205,6.922963031034791,0.13070257754547931,0.6740209526928291,4.108952955824769
riven_oak,bark,1,512,0.5,2.1204960346221924,1.0449456581463128,-0.11311725978833699,0.48512041206985757,1.2715607027611886,0.838754842455289,0.41288145958921696,1.1329691624046063,4.608086790929864,7.2350048923484245,0.10854469828996156,0.4831798317335054,4.286103892929324
riven_oak,bark,2,512,0.5,2.1122939586639404,0.919928970457122,-0.06472395889049039,0.481372515886787,1.2142749351504616,0.39602446731268026,0.6631343041765336,1.5249550884130487,3.7523725698967185,5.669039717856013,0.12617809660790513,0.534365725149466,4.357357287220683
riven_oak,bark,3,512,0.5,2.164036512374878,0.964997314789308,-0.09066643940352087,0.388165527803106,1.2507725144704218,1.5985165669695087,0.5102238662100563,1.3395837278291076,4.066253955098235,5.8328216112088365,0.12776389374618796,0.6323617797224852,4.098612648217795
riven_oak,bark,4,512,0.5,2.127819538116455,1.116842394501407,-0.10391878175613976,0.5056478207220394,1.2179214499636721,0.39759133733713176,0.6523335341638405,1.7367037163135626,4.502916471509213,4.208521843171713,0.1435478194305017,0.7240584205308691,4.04338128160843
chimney_plume,smoke,0,512,0.5,1.0752077102661133,1.8325627524128576,0.02685692327334741,0.28642427986430263,2.010206989511837,0.11099825118360288,0.22724692744242714,2.737759249909698,130.707927101,93.08495794221768,0.09595749410611253,0.5820589728329657,3.9683619274510997
chimney_plume,smoke,1,512,0.5,1.0703139305114746,1.8053694192520553,-0.05632470257844651,0.39582235339141825,2.013681235273523,0.06741268809330453,0.19278709778238493,2.5085915451333887,129.8166845676604,93.91442781856786,0.10854539732313952,0.4848876432962288,4.343319839441584
chimney_plume,smoke,2,512,0.5,1.0681722164154053,1.8863123690433272,-0.0113150174972717,0.18362652563943271,2.0103781804760885,0.1259943724118511,0.22403785533551707,2.8086221312113286,130.12826483621424,92.81816237936674,0.10878789918307333,0.554435966087929,4.141216121993285
chimney_plume,smoke,3,512,0.5,1.0683538913726807,1.8349196275074813,-0.004509464375637224,0.695406657014054,2.0143460894799574,0.029578976444216136,0.25758036243879967,2.6864198645932387,129.84608698912078,93.2363923000673,0.11151358854549816,0.6405484090027271,3.9886960026360585
chimney_plume,smoke,4,512,0.5,1.0672821998596191,1.8502883576268503,0.005776107931895144,0.3739061234373118,2.009663383451096,0.047206276077287376,0.19664000520944389,2.7657163455187637,131.03362737542201,94.03076493158949,0.10519679330810465,0.6245610654105209,3.927479594722098
billow_smoke,smoke,0,512,0.5,1.0684523582458496,1.6369011102755051,0.07897792676174985,0.16282826130921357,1.8686308051913985,0.7950125917676086,0.06371471940505542,2.2954165317707784,55.20849337398638,45.75475119316657,0.044966289840956894,0.2873250698497545,3.926652508973543
billow_smoke,smoke,1,512,0.5,1.0647590160369873,1.6100779937639027,0.028700760232601333,0.15604705443497124,1.8613194128271418,0.34080133623570696,0.06574388053997149,2.0687853420235607,106.51965469872995,77.21135023909295,0.04632794495786618,0.2840322441970704,3.9929394157145164
billow_smoke,smoke,2,512,0.5,1.0591800212860107,1.689826550332382,0.10004071541750678,0.16334638654559663,1.9153088496491826,0.10942279734094622,0.0691985102013318,2.528729537493023,82.59541721579512,63.32165960436519,0.0628976769903614,0.641485687359924,2.939416714605953
billow_smoke,smoke,3,512,0.5,1.0688650608062744,1.6583739600366774,0.08801423320030691,0.13926919410657712,1.8588513795313517,0.2913911125553604,0.056557902588655395,2.448089327904344,86.51258545657008,65.84275109586336,0.05880782120500553,0.5319571606008546,3.2235750428712957
billow_smoke,smoke,4,512,0.5,1.0666635036468506,1.6455264690913942,0.07957572340104062,0.2346929829747566,1.910296195362129,0.41960258043192195,0.05998006185497368,2.495301180375164,110.22049054484995,75.86947703382353,0.044777441144447885,0.2804604987611081,3.935223545454314
firestorm,fire,0,512,0.5,1.205519676208496,1.9619416463849688,-0.03375908637805541,0.3934283175633322,1.682468190354091,0.6577740343696384,0.007489899826999229,2.1048885220811724,25.31131399041706,26.454013668954488,0.020765464117600885,0.19342761927910068,3.334961558010701
firestorm,fire,1,512,0.5,1.2071068286895752,1.9596480614986829,-0.03753008679276436,0.3618687877554656,1.6676146328538346,0.2575924217694493,0.021509183134400502,2.356348480444031,25.190247132795836,25.76377299858351,0.025418936494601183,0.30036068620803746,2.809905007523125
firestorm,fire,2,512,0.5,1.2088468074798584,1.9991098270613168,-0.036089065053431055,0.2998027606327245,1.6363989936869283,0.3224924214225874,0.01622292980307646,1.9828711931413907,20.544964368507795,16.415918460125347,0.025620995404592416,0.24007623050436688,3.2268058830308255
firestorm,fire,3,512,0.5,1.2201440334320068,1.9280622390408122,-0.030951003080403654,0.262684409991909,1.6733901706753285,0.20012282717578345,0.010099486863171728,1.8753670371442028,23.58518226718721,22.46025187319546,0.022470297015203117,0.19301387484818244,3.4256149230704778
firestorm,fire,4,512,0.5,1.2121031284332275,1.9680043993853014,-0.01896330808263589,0.5197422569463042,1.6156346596021272,0.4566835391783432,0.011310127560443042,1.6104502303533432,19.088644475981134,20.412369683841273,0.02187578189869324,0.15580872674318957,3.761277591385054
lava_pool,fire,0,512,0.5,1.0880556106567383,1.425005916321266,-0.16342980715174438,0.31008783341899004,1.490706025396248,0.44869217631249353,0.027031342442843102,1.1575767123679224,15.225669100945309,14.594314317144395,0.03292675875314248,0.22005998502248225,3.8552048388346076
lava_pool,fire,1,512,0.5,1.0844998359680176,1.400457214746313,-0.15149148244512028,0.507123131507389,1.4338885262564731,0.27962839773343096,0.018536144565217356,1.155222243935186,10.662123642121593,9.266437923065206,0.028149924896702566,0.18730186303334762,3.8862611778022758
lava_pool,fire,2,512,0.5,1.0837492942810059,1.4387536254496867,-0.15850488868300686,0.22407378862134308,1.446120612058281,0.43526900672787344,0.032747638680834516,1.186107608341937,11.54877947383522,9.668846695450812,0.028251753027919883,0.21679267485204434,3.659890372085091
lava_pool,fire,3,512,0.5,1.0828933715820312,1.3959118597928242,-0.14070902290332696,0.4382358052981443,1.4117628449020545,0.5206693950770827,0.026392199206205058,1.1503730718049325,10.74017618393558,8.878310711504394,0.02514409978260314,0.18804568621150297,3.7076228259100064
lava_pool,fire,4,512,0.5,1.0903122425079346,1.4465359558494952,-0.14937743946279194,0.45812286146448056,1.4654808654415996,0.4490811903534018,0.022740040400271912,1.147499161097135,12.967417424812592,10.674112844552518,0.031062005611740585,0.22216149717386413,3.707719805179517
volcanic_fissure,fire,0,512,0.5,1.013901948928833,3.886630007231913,-15.908262870672514,0.24794872626268116,1.9556886230495105,1.7979088215411407,0.09982346840953822,2.65925003642266,39.30804352625769,31.03216212570764,0.06947492995796435,0.41058821947680135,3.864705373742698
volcanic_fissure,fire,1,512,0.5,1.0101542472839355,3.5927222147825217,-27.003236942536464,0.20526765901483124,1.9446757146336027,1.473347354648592,0.10795939106444219,2.5575386999770826,84.5646033043875,63.31268832102695,0.10233966623283486,0.8419458293700401,3.2815731240943693
volcanic_fissure,fire,2,512,0.5,1.0182101726531982,3.564636327262316,-14.567242954475345,0.32945771193873696,1.9952538638989243,0.9647004592855054,0.0802557166831407,2.6501274091345315,45.79533936362034,37.033659651194924,0.06384612887759768,0.3707969719887094,4.015148215206715
volcanic_fissure,fire,3,512,0.5,1.0139029026031494,4.200054620977242,-32.09678162161583,0.1979052979117455,1.9861307748712909,2.24028099134205,0.08154669793215578,2.463918090167923,66.37580562219848,58.30138201908369,0.10899587863093814,0.9244625782205627,3.3254376305673534
volcanic_fissure,fire,4,512,0.5,1.0134079456329346,4.011386903234555,-21.361466899102627,0.2794935100428937,1.9837093787675664,2.3264121583542963,0.05724194299316801,2.4194582189372946,46.1686517629269,35.578212135205895,0.08807377136283538,0.5749140045473848,3.7589018777452683
