family,domain,prompt_idx,seed,path,c1,c2,mean,std
marble,rock,0,7377,marble/p0_s7377.png,1.5340122835580952,-0.4766830657468904,0.7190602421760559,0.10863351076841354
marble,rock,1,7378,marble/p1_s7378.png,1.740816763386037,-0.5151440025437685,0.741909384727478,0.07936740666627884
marble,rock,2,7379,marble/p2_s7379.png,1.106654845755691,-0.10442132695407724,0.23886564373970032,0.15988369286060333
marble,rock,3,7380,marble/p3_s7380.png,1.7681533084203689,-0.9954274328009732,0.6808189153671265,0.14380097389221191
marble,rock,4,7381,marble/p4_s7381.png,1.0828272727475283,-0.04951106686848177,0.4586101174354553,0.14805065095424652
marble,rock,0,7382,marble/p0_s7382.png,1.6099092554700252,-0.4075863756763293,0.7184626460075378,0.11240038275718689
marble,rock,1,7383,marble/p1_s7383.png,1.9023533209306343,-0.7322377633533788,0.7158117294311523,0.14147967100143433
marble,rock,2,7384,marble/p2_s7384.png,1.2585815795433581,-0.030198744631209973,0.3940255641937256,0.19364792108535767
marble,rock,3,7385,marble/p3_s7385.png,1.6522305164439672,-1.114495691935942,0.6768010258674622,0.14097410440444946
marble,rock,4,7386,marble/p4_s7386.png,1.103918659732422,-0.04852459810976521,0.4121479094028473,0.12858343124389648
agate,rock,0,791,agate/p0_s791.png,1.360612307074121,-0.1502187075776544,0.3330952227115631,0.1631086766719818
agate,rock,1,792,agate/p1_s792.png,1.2978999231787711,-0.12484974296621988,0.4326743483543396,0.16005460917949677
agate,rock,2,793,agate/p2_s793.png,1.4544234623612753,-0.2803016014990102,0.3372981548309326,0.17086075246334076
agate,rock,3,794,agate/p3_s794.png,1.3230304165055016,-0.24846159150137512,0.3140326738357544,0.15966275334358215
agate,rock,4,795,agate/p4_s795.png,1.6611952009424837,-0.7354874571821904,0.28567439317703247,0.17405813932418823
agate,rock,0,796,agate/p0_s796.png,1.519704601832927,-0.30322258975829514,0.30733850598335266,0.17896413803100586
agate,rock,1,797,agate/p1_s797.png,1.2267721718293407,-0.10961914283583503,0.428522527217865,0.1627405881881714
agate,rock,2,798,agate/p2_s798.png,1.4785816321669183,-0.29798250381692165,0.34107059240341187,0.16568249464035034
agate,rock,3,799,agate/p3_s799.png,1.3762341817462225,-0.1498162321527995,0.3498961925506592,0.16781143844127655
agate,rock,4,800,agate/p4_s800.png,1.6469542013897835,-0.48229757039813426,0.3086261749267578,0.15976645052433014
weathered,rock,0,2085,weathered/p0_s2085.png,1.2226227157745395,-0.0429726256535131,0.4052915573120117,0.19392123818397522
weathered,rock,1,2086,weathered/p1_s2086.png,1.3321916171133725,-0.13505359591129254,0.3896200656890869,0.18955948948860168
weathered,rock,2,2087,weathered/p2_s2087.png,0.9745995018383664,-0.05704119200731005,0.38767874240875244,0.13281989097595215
weathered,rock,3,2088,weathered/p3_s2088.png,1.291165252870721,-0.17024326027231323,0.32087981700897217,0.1889008730649948
weathered,rock,4,2089,weathered/p4_s2089.png,1.0754061040628453,-0.029963674984880687,0.4075407385826111,0.19137181341648102
weathered,rock,0,2090,weathered/p0_s2090.png,1.1927101697837452,-0.034626057531922175,0.40679386258125305,0.17725874483585358
weathered,rock,1,2091,weathered/p1_s2091.png,1.2501241174769273,-0.04620420676612866,0.4028468728065491,0.172047421336174
weathered,rock,2,2092,weathered/p2_s2092.png,1.0401249960868362,-0.05631607865470668,0.3946313261985779,0.13383202254772186
weathered,rock,3,2093,weathered/p3_s2093.png,1.2217697526143165,-0.07716177046923668,0.3202184736728668,0.18335594236850739
weathered,rock,4,2094,weathered/p4_s2094.png,1.1468217556589266,-0.0386239192772465,0.3943623900413513,0.21389342844486237
granite,rock,0,5468,granite/p0_s5468.png,0.9306555127702714,0.03912331404721978,0.30685362219810486,0.1428135335445404
granite,rock,1,5469,granite/p1_s5469.png,1.2492574241478194,-0.034801413492005405,0.29193079471588135,0.20598673820495605
granite,rock,2,5470,granite/p2_s5470.png,1.4070337827944144,-0.2005325213072656,0.3502771854400635,0.23422877490520477
granite,rock,3,5471,granite/p3_s5471.png,1.123349329167039,0.007129357852453246,0.3015466034412384,0.18765512108802795
granite,rock,4,5472,granite/p4_s5472.png,1.4738322379165785,-0.12094027988403316,0.4168575406074524,0.22006474435329437
granite,rock,0,5473,granite/p0_s5473.png,0.8843296944721685,0.018889590681285442,0.3117932081222534,0.15239375829696655
granite,rock,1,5474,granite/p1_s5474.png,1.253560472377203,-0.04419181321462945,0.30606186389923096,0.20463524758815765
granite,rock,2,5475,granite/p2_s5475.png,1.4758998507570344,-0.2247543417185618,0.3386710584163666,0.21737763285636902
granite,rock,3,5476,granite/p3_s5476.png,0.9951949681706936,0.00675185496965502,0.3053056597709656,0.1802753210067749
granite,rock,4,5477,granite/p4_s5477.png,1.5272175950670934,-0.09947342573111219,0.415057897567749,0.22881196439266205
vesicular,rock,0,5937,vesicular/p0_s5937.png,1.3259025099940978,-0.2790732908683956,0.2144583761692047,0.14670148491859436
vesicular,rock,1,5938,vesicular/p1_s5938.png,1.641922779137662,-4.838932556499127,0.33210039138793945,0.2363840788602829
vesicular,rock,2,5939,vesicular/p2_s5939.png,1.2632965913182093,-0.12633207408213432,0.2351687252521515,0.15588073432445526
vesicular,rock,3,5940,vesicular/p3_s5940.png,1.6238845057446623,-0.36063749510243476,0.2727278470993042,0.19053664803504944
vesicular,rock,4,5941,vesicular/p4_s5941.png,1.3565682173307858,-0.0595305682363272,0.3373250365257263,0.18176263570785522
vesicular,rock,0,5942,vesicular/p0_s5942.png,1.4042781381170297,-0.30417403016710104,0.2052547037601471,0.1556311398744583
vesicular,rock,1,5943,vesicular/p1_s5943.png,1.344688530869952,-0.15841640606137625,0.392751008272171,0.2144344300031662
vesicular,rock,2,5944,vesicular/p2_s5944.png,1.3395831228865356,-0.2725906395610837,0.2117914855480194,0.16920515894889832
vesicular,rock,3,5945,vesicular/p3_s5945.png,1.3160107034224242,-0.260847817433055,0.2942531108856201,0.19276319444179535
vesicular,rock,4,5946,vesicular/p4_s5946.png,1.30564249314938,-0.0756365526398804,0.33280128240585327,0.16820992529392242
turbulent,rock,0,6970,turbulent/p0_s6970.png,1.1344065048842984,-0.1422052112850235,0.2343270480632782,0.14208757877349854
turbulent,rock,1,6971,turbulent/p1_s6971.png,1.2216487567370848,-0.1392235640155044,0.17692917585372925,0.12497889995574951
turbulent,rock,2,6972,turbulent/p2_s6972.png,1.264041640412773,-0.21133909682939286,0.2675546109676361,0.1612488329410553
turbulent,rock,3,6973,turbulent/p3_s6973.png,1.544124328107626,-0.22097318763756743,0.3558397889137268,0.19002826511859894
turbulent,rock,4,6974,turbulent/p4_s6974.png,1.2452366754565332,-0.13907298765865986,0.17700159549713135,0.1300780475139618
turbulent,rock,0,6975,turbulent/p0_s6975.png,1.1366984696519815,-0.08837046264797907,0.2379699945449829,0.15030106902122498
turbulent,rock,1,6976,turbulent/p1_s6976.png,1.1964586964846988,-0.11301399269642516,0.17186948657035828,0.11857792735099792
turbulent,rock,2,6977,turbulent/p2_s6977.png,1.1571454242597097,-0.08320277421840903,0.22795507311820984,0.1357899308204651
turbulent,rock,3,6978,turbulent/p3_s6978.png,1.595633230177544,-0.3836521490973721,0.3488147258758545,0.18930214643478394
turbulent,rock,4,6979,turbulent/p4_s6979.png,1.2661971211960783,-0.2008323768643369,0.21059775352478027,0.13951225578784943
schist,rock,0,8638,schist/p0_s8638.png,1.0923533113721957,-0.027170905735630274,0.36791449785232544,0.1673259735107422
schist,rock,1,8639,schist/p1_s8639.png,1.1784501235146578,-0.03354952482496534,0.2004411518573761,0.13400094211101532
schist,rock,2,8640,schist/p2_s8640.png,1.3270012414197143,-0.10200636187168508,0.3529106080532074,0.2036459594964981
schist,rock,3,8641,schist/p3_s8641.png,1.1461449224864149,-0.07704440286694983,0.2158951461315155,0.12494444102048874
schist,rock,4,8642,schist/p4_s8642.png,1.1827582950665467,-0.07886354378320337,0.3311462998390198,0.17520619928836823
schist,rock,0,8643,schist/p0_s8643.png,1.1449332181479346,-0.020182243904944656,0.35988855361938477,0.16728802025318146
schist,rock,1,8644,schist/p1_s8644.png,1.198862427621747,-0.08096486600278474,0.21053415536880493,0.16140027344226837
schist,rock,2,8645,schist/p2_s8645.png,1.335975847531652,-0.09108942779664496,0.36928701400756836,0.2035011351108551
schist,rock,3,8646,schist/p3_s8646.png,1.185725918385942,-0.12315278401953655,0.24166399240493774,0.14499999582767487
schist,rock,4,8647,schist/p4_s8647.png,1.2034989844080326,-0.04560893620882698,0.3364132046699524,0.17039163410663605
serpentinite,rock,0,3749,serpentinite/p0_s3749.png,0.9851877342183011,-0.0396378272131965,0.24390362203121185,0.1077386885881424
serpentinite,rock,1,3750,serpentinite/p1_s3750.png,1.003316726567561,-0.022904609630201,0.32660576701164246,0.147343710064888
serpentinite,rock,2,3751,serpentinite/p2_s3751.png,1.5124441301393698,-0.8424083295132824,0.30883994698524475,0.17278127372264862
serpentinite,rock,3,3752,serpentinite/p3_s3752.png,1.0808232957104291,-0.05906829593156209,0.33926627039909363,0.15280574560165405
serpentinite,rock,4,3753,serpentinite/p4_s3753.png,1.0662379378869933,-0.0844365318282938,0.2505802512168884,0.15049298107624054
serpentinite,rock,0,3754,serpentinite/p0_s3754.png,1.0234179628541529,-0.0393083651399697,0.24048006534576416,0.12090936303138733
serpentinite,rock,1,3755,serpentinite/p1_s3755.png,1.0669551143141933,-0.047404379490899554,0.3272687792778015,0.15873435139656067
serpentinite,rock,2,3756,serpentinite/p2_s3756.png,1.1798102716377386,-0.03910962653604126,0.34582358598709106,0.168694406747818
serpentinite,rock,3,3757,serpentinite/p3_s3757.png,1.046899150162746,-0.025960055830299283,0.35161393880844116,0.15302175283432007
serpentinite,rock,4,3758,serpentinite/p4_s3758.png,1.002898542522798,-0.02680318623012069,0.20846311748027802,0.12752719223499298
flow_banded,rock,0,6565,flow_banded/p0_s6565.png,1.1327973856324913,-0.08374413484723732,0.360607385635376,0.12766650319099426
flow_banded,rock,1,6566,flow_banded/p1_s6566.png,1.1088455135227115,-0.05668696113220407,0.3258174657821655,0.11251886188983917
flow_banded,rock,2,6567,flow_banded/p2_s6567.png,1.160243310489205,-0.34776174108791924,0.19538646936416626,0.12330752611160278
flow_banded,rock,3,6568,flow_banded/p3_s6568.png,1.2373372387259116,-0.08198303315352413,0.4090684652328491,0.1657877266407013
flow_banded,rock,4,6569,flow_banded/p4_s6569.png,1.3567140631210457,-0.10836489745360768,0.3117014765739441,0.16677036881446838
flow_banded,rock,0,6570,flow_banded/p0_s6570.png,1.0791250436814377,-0.04539385400775334,0.3533793091773987,0.12937957048416138
flow_banded,rock,1,6571,flow_banded/p1_s6571.png,1.137055536162994,-0.06381871543941982,0.31999441981315613,0.10426723212003708
flow_banded,rock,2,6572,flow_banded/p2_s6572.png,1.1530665211386155,-0.1717976423259216,0.18416979908943176,0.1166771948337555
flow_banded,rock,3,6573,flow_banded/p3_s6573.png,1.255856106989093,-0.03506361058303223,0.4047642648220062,0.16010557115077972
flow_banded,rock,4,6574,flow_banded/p4_s6574.png,1.3776014905405622,-0.12773109764798996,0.31175529956817627,0.171041339635849
convoluted,rock,0,9511,convoluted/p0_s9511.png,1.2880323657428723,-0.15675358391841865,0.3190944194793701,0.20541653037071228
convoluted,rock,1,9512,convoluted/p1_s9512.png,1.3013016353223528,-0.08062951880048598,0.3714768886566162,0.18599896132946014
convoluted,rock,2,9513,convoluted/p2_s9513.png,1.2201229429668818,-0.2547406482441072,0.2112339437007904,0.13496354222297668
convoluted,rock,3,9514,convoluted/p3_s9514.png,1.4379736910168575,-0.2613108074772497,0.25189441442489624,0.18330615758895874
convoluted,rock,4,9515,convoluted/p4_s9515.png,1.1718177568608164,-0.0945223836301805,0.36664801836013794,0.18812020123004913
convoluted,rock,0,9516,convoluted/p0_s9516.png,1.2970917921300886,-0.16054172414862028,0.30904218554496765,0.20715975761413574
convoluted,rock,1,9517,convoluted/p1_s9517.png,1.2415815299780595,-0.08805037593792121,0.37572014331817627,0.19142387807369232
convoluted,rock,2,9518,convoluted/p2_s9518.png,1.36798020589754,-0.31223638802522224,0.2146487683057785,0.15914952754974365
convoluted,rock,3,9519,convoluted/p3_s9519.png,1.195776779195137,-0.13037164507389717,0.25258028507232666,0.16372989118099213
convoluted,rock,4,9520,convoluted/p4_s9520.png,1.2736838672194963,-0.09306065634676247,0.35828110575675964,0.18516050279140472
gneiss,rock,0,282,gneiss/p0_s282.png,1.1804632710784546,-0.04276939440062723,0.3868056833744049,0.17239214479923248
gneiss,rock,1,283,gneiss/p1_s283.png,1.012542009182824,-0.009478633817165611,0.34781473875045776,0.1297093629837036
gneiss,rock,2,284,gneiss/p2_s284.png,1.2302330168880473,-0.03278482505559787,0.4149603247642517,0.173598513007164
gneiss,rock,3,285,gneiss/p3_s285.png,1.2503216410889353,-0.046033395299084796,0.37713438272476196,0.1958460807800293
gneiss,rock,4,286,gneiss/p4_s286.png,1.1949620634244829,-0.03880097398623103,0.30032825469970703,0.19096671044826508
gneiss,rock,0,287,gneiss/p0_s287.png,1.061933223547789,0.0006160485271357735,0.39155104756355286,0.1602684110403061
gneiss,rock,1,288,gneiss/p1_s288.png,1.0440165070061964,0.009620320456239258,0.34436070919036865,0.12166870385408401
gneiss,rock,2,289,gneiss/p2_s289.png,1.1689111010792839,-0.050944795353271725,0.39750251173973083,0.1884443312883377
gneiss,rock,3,290,gneiss/p3_s290.png,1.2204962319573733,-0.03961878027953418,0.3807675242424011,0.1971127688884735
gneiss,rock,4,291,gneiss/p4_s291.png,1.2434247808158185,-0.06210792750722877,0.3129615783691406,0.1968759298324585
cascade_lognormal,cloud,0,4579,cascade_lognormal/p0_s4579.png,2.015888912282175,-0.8110641405609061,0.43065404891967773,0.17500527203083038
cascade_lognormal,cloud,1,4580,cascade_lognormal/p1_s4580.png,2.002889501087749,-0.9304744551129392,0.411507248878479,0.19137775897979736
cascade_lognormal,cloud,2,4581,cascade_lognormal/p2_s4581.png,1.7722766767289986,-0.46519329822448197,0.4967135488986969,0.1958712488412857
cascade_lognormal,cloud,3,4582,cascade_lognormal/p3_s4582.png,2.1152723213302336,-0.9558878835023489,0.33092811703681946,0.1741870641708374
cascade_lognormal,cloud,4,4583,cascade_lognormal/p4_s4583.png,2.2955770889396145,-0.4268281759767465,0.4948696494102478,0.16403517127037048
cascade_lognormal,cloud,0,4584,cascade_lognormal/p0_s4584.png,1.9951246291041438,-0.7840653918108037,0.47294074296951294,0.16143997013568878
cascade_lognormal,cloud,1,4585,cascade_lognormal/p1_s4585.png,2.1934045477795583,-0.8184773767200355,0.3806825280189514,0.182382732629776
cascade_lognormal,cloud,2,4586,cascade_lognormal/p2_s4586.png,1.7733961371040876,-0.5293002563341308,0.5137292146682739,0.19131138920783997
cascade_lognormal,cloud,3,4587,cascade_lognormal/p3_s4587.png,2.0979135621249427,-0.8312600271253439,0.36225926876068115,0.1736338585615158
cascade_lognormal,cloud,4,4588,cascade_lognormal/p4_s4588.png,2.0615922206356254,-0.637671189656025,0.5005092620849609,0.17395299673080444
stratified,cloud,0,4772,stratified/p0_s4772.png,2.0420902383730914,-0.46646755122413386,0.44257426261901855,0.14036299288272858
stratified,cloud,1,4773,stratified/p1_s4773.png,2.234436528478591,-0.21909211478061924,0.47219058871269226,0.1553478091955185
stratified,cloud,2,4774,stratified/p2_s4774.png,1.9312320030646244,-0.6353077806278202,0.45021092891693115,0.18429690599441528
stratified,cloud,3,4775,stratified/p3_s4775.png,1.7156785675817332,-0.4644203398126266,0.4132812023162842,0.14333952963352203
stratified,cloud,4,4776,stratified/p4_s4776.png,1.98229198648183,-0.8516277021746732,0.5058315396308899,0.13158713281154633
stratified,cloud,0,4777,stratified/p0_s4777.png,2.0672247636031393,-0.43446436194830607,0.44180116057395935,0.12813761830329895
stratified,cloud,1,4778,stratified/p1_s4778.png,1.9807809358076556,-0.08318786199367138,0.45610684156417847,0.13366124033927917
stratified,cloud,2,4779,stratified/p2_s4779.png,1.9049903912678072,-0.7438047728767776,0.4434850513935089,0.1810894012451172
stratified,cloud,3,4780,stratified/p3_s4780.png,1.7400031732606163,-0.3401007589034845,0.38360458612442017,0.1528768092393875
stratified,cloud,4,4781,stratified/p4_s4781.png,1.5318173092045493,-1.5000269011459615,0.4569236934185028,0.18166987597942352
billow,cloud,0,5774,billow/p0_s5774.png,2.2160842079428296,-0.635693902292215,0.38875138759613037,0.16261237859725952
billow,cloud,1,5775,billow/p1_s5775.png,1.9597508189285964,-0.7480461652163136,0.3585335314273834,0.21049022674560547
billow,cloud,2,5776,billow/p2_s5776.png,2.098751017742539,-0.5588727551041017,0.4625382423400879,0.13747817277908325
billow,cloud,3,5777,billow/p3_s5777.png,1.9511252713896243,-0.3579506844414176,0.4033997058868408,0.1492585390806198
billow,cloud,4,5778,billow/p4_s5778.png,2.005074315751944,-0.43001363603357534,0.390813410282135,0.16233672201633453
billow,cloud,0,5779,billow/p0_s5779.png,2.1284395851157383,-0.7232498197320908,0.39300447702407837,0.15224619209766388
billow,cloud,1,5780,billow/p1_s5780.png,2.151534348321191,-1.036500362253449,0.3745286464691162,0.18418394029140472
billow,cloud,2,5781,billow/p2_s5781.png,1.997665482168989,-0.7874478162994736,0.46384352445602417,0.15713012218475342
billow,cloud,3,5782,billow/p3_s5782.png,2.049793628617531,-0.545023774586822,0.45741260051727295,0.1711721122264862
billow,cloud,4,5783,billow/p4_s5783.png,1.7400610244428707,-0.8950984674955786,0.38147833943367004,0.14402653276920319
cirrus,cloud,0,6257,cirrus/p0_s6257.png,1.9520880365041124,-1.258486307389453,0.44342851638793945,0.14936666190624237
cirrus,cloud,1,6258,cirrus/p1_s6258.png,1.9166587166559064,-0.8331630251256676,0.3896917700767517,0.11570233106613159
cirrus,cloud,2,6259,cirrus/p2_s6259.png,1.9765203562784603,-0.9980945296531969,0.5240781307220459,0.13432827591896057
cirrus,cloud,3,6260,cirrus/p3_s6260.png,1.7259595936788643,-0.9354591229396205,0.4675459861755371,0.15150465071201324
cirrus,cloud,4,6261,cirrus/p4_s6261.png,2.0401745651309655,-0.05477151288882799,0.5198262929916382,0.12881334125995636
cirrus,cloud,0,6262,cirrus/p0_s6262.png,1.6092778294077144,-1.107343503004397,0.44167137145996094,0.19102707505226135
cirrus,cloud,1,6263,cirrus/p1_s6263.png,1.8673269437997104,-1.2720293810168914,0.3954131007194519,0.13080233335494995
cirrus,cloud,2,6264,cirrus/p2_s6264.png,1.8207252387471697,-1.1854323454426845,0.4444696307182312,0.1472526341676712
cirrus,cloud,3,6265,cirrus/p3_s6265.png,2.1595186837608784,-1.3371585932345238,0.43682393431663513,0.14026415348052979
cirrus,cloud,4,6266,cirrus/p4_s6266.png,1.9900793987097167,-0.21830566796575376,0.5134980082511902,0.12949201464653015
cloud_mrw,cloud,0,3458,cloud_mrw/p0_s3458.png,1.8632370658460988,-0.6505873611906995,0.41960084438323975,0.18723498284816742
cloud_mrw,cloud,1,3459,cloud_mrw/p1_s3459.png,1.959449560556763,-0.7059156946103544,0.3768201470375061,0.1956912726163864
cloud_mrw,cloud,2,3460,cloud_mrw/p2_s3460.png,1.516069376408174,-0.24285546533554336,0.4229987859725952,0.2164117693901062
cloud_mrw,cloud,3,3461,cloud_mrw/p3_s3461.png,1.9788450758077225,-0.6091848486387992,0.410364031791687,0.1679874211549759
cloud_mrw,cloud,4,3462,cloud_mrw/p4_s3462.png,1.7225426079749426,-0.40346632814354727,0.3557751774787903,0.1838759183883667
cloud_mrw,cloud,0,3463,cloud_mrw/p0_s3463.png,1.8358629688492272,-0.7034688733856301,0.43142807483673096,0.19632506370544434
cloud_mrw,cloud,1,3464,cloud_mrw/p1_s3464.png,1.9474741233915436,-0.6742900125650512,0.3337555527687073,0.175723597407341
cloud_mrw,cloud,2,3465,cloud_mrw/p2_s3465.png,1.7123059445656326,-0.6043047519408404,0.4047503173351288,0.198869526386261
cloud_mrw,cloud,3,3466,cloud_mrw/p3_s3466.png,1.9518252181431799,-0.7828177666972483,0.3861275315284729,0.17427344620227814
cloud_mrw,cloud,4,3467,cloud_mrw/p4_s3467.png,1.8282381193874444,-0.5991510916795247,0.4125422537326813,0.16435572504997253
cloud_multifractional,cloud,0,6836,cloud_multifractional/p0_s6836.png,1.982252939038759,-0.5875117794882876,0.3985271453857422,0.1773403137922287
cloud_multifractional,cloud,1,6837,cloud_multifractional/p1_s6837.png,2.1216089573057464,-0.6925721008946889,0.4690425395965576,0.14277492463588715
cloud_multifractional,cloud,2,6838,cloud_multifractional/p2_s6838.png,2.1688091908042826,-0.659136891848867,0.48396363854408264,0.1700449436903
cloud_multifractional,cloud,3,6839,cloud_multifractional/p3_s6839.png,1.9961070492889972,-0.7955085150872825,0.45781928300857544,0.14348101615905762
cloud_multifractional,cloud,4,6840,cloud_multifractional/p4_s6840.png,1.9484709503419715,-0.6607535236913222,0.5142359137535095,0.16799981892108917
cloud_multifractional,cloud,0,6841,cloud_multifractional/p0_s6841.png,1.8635599699800232,-0.646638985986679,0.4335302412509918,0.19207409024238586
cloud_multifractional,cloud,1,6842,cloud_multifractional/p1_s6842.png,2.092196602138041,-0.6592089706165101,0.455670028924942,0.1583675891160965
cloud_multifractional,cloud,2,6843,cloud_multifractional/p2_s6843.png,2.056346411964666,-0.5536079861329057,0.535771369934082,0.16667728126049042
cloud_multifractional,cloud,3,6844,cloud_multifractional/p3_s6844.png,1.9318789313074036,-0.7619922496862213,0.4602617025375366,0.17404600977897644
cloud_multifractional,cloud,4,6845,cloud_multifractional/p4_s6845.png,1.9846324359779066,-0.6774453596702537,0.47011032700538635,0.18168041110038757
warped_fbm,cloud,0,1023,warped_fbm/p0_s1023.png,2.2204181988691984,-0.2217536537257179,0.5147102475166321,0.13787519931793213
warped_fbm,cloud,1,1024,warped_fbm/p1_s1024.png,1.7997851248414904,0.5584702788398979,0.3865673542022705,0.132437601685524
warped_fbm,cloud,2,1025,warped_fbm/p2_s1025.png,1.903170384110817,0.1944551332492798,0.504749059677124,0.11268474906682968
warped_fbm,cloud,3,1026,warped_fbm/p3_s1026.png,2.1345304870182913,-0.782877127462413,0.4648754596710205,0.16148003935813904
warped_fbm,cloud,4,1027,warped_fbm/p4_s1027.png,0.9646147343271266,-0.033558149801247515,0.3708760738372803,0.1691310554742813
warped_fbm,cloud,0,1028,warped_fbm/p0_s1028.png,2.373490597687559,0.06883887401654464,0.517825186252594,0.14456571638584137
warped_fbm,cloud,1,1029,warped_fbm/p1_s1029.png,2.147517916631444,-0.223111470029995,0.40315183997154236,0.14668375253677368
warped_fbm,cloud,2,1030,warped_fbm/p2_s1030.png,2.0400456878846502,-0.4516133901138735,0.516647458076477,0.16676899790763855
warped_fbm,cloud,3,1031,warped_fbm/p3_s1031.png,2.02012481002518,-0.26346088365597514,0.40470659732818604,0.14532119035720825
warped_fbm,cloud,4,1032,warped_fbm/p4_s1032.png,1.0245282708425618,-0.0027549871262487068,0.383108913898468,0.1717766970396042
ridged,cloud,0,9005,ridged/p0_s9005.png,1.661998072007164,-0.3636205147386162,0.4615403115749359,0.1458389312028885
ridged,cloud,1,9006,ridged/p1_s9006.png,2.003877284062964,-0.4410268628698732,0.49768969416618347,0.1331290304660797
ridged,cloud,2,9007,ridged/p2_s9007.png,1.776752263190719,-0.3868395440462619,0.4891279339790344,0.22017937898635864
ridged,cloud,3,9008,ridged/p3_s9008.png,1.6517784966279954,-0.6536133746386639,0.428267240524292,0.1874547153711319
ridged,cloud,4,9009,ridged/p4_s9009.png,1.5860136369393762,-0.3300625309334233,0.22562654316425323,0.15133632719516754
ridged,cloud,0,9010,ridged/p0_s9010.png,1.9293824135914077,-0.4023793734382663,0.4998152554035187,0.13083939254283905
ridged,cloud,1,9011,ridged/p1_s9011.png,2.060740086475308,-0.4803772174215458,0.48360294103622437,0.14003470540046692
ridged,cloud,2,9012,ridged/p2_s9012.png,1.8124970432373801,-0.31506133018003213,0.49626439809799194,0.23842447996139526
ridged,cloud,3,9013,ridged/p3_s9013.png,1.477631630402502,-0.2597808867018065,0.4172481596469879,0.16553334891796112
ridged,cloud,4,9014,ridged/p4_s9014.png,1.3791477232439386,-0.3150212865354338,0.1959735006093979,0.13956837356090546
curl_weave,fluid,0,4751,curl_weave/p0_s4751.png,1.1857820518498838,-0.12760382345638357,0.3301267623901367,0.18560077250003815
curl_weave,fluid,1,4752,curl_weave/p1_s4752.png,1.562328673587537,-0.5068341700717133,0.3104374408721924,0.18400460481643677
curl_weave,fluid,2,4753,curl_weave/p2_s4753.png,1.0002379278930424,-0.04639437409425735,0.35446158051490784,0.15547534823417664
curl_weave,fluid,3,4754,curl_weave/p3_s4754.png,1.5514851799386113,-0.4884752758632817,0.1708051562309265,0.16552391648292542
curl_weave,fluid,4,4755,curl_weave/p4_s4755.png,1.0769976991924763,-0.15428609527580742,0.22586962580680847,0.17291246354579926
curl_weave,fluid,0,4756,curl_weave/p0_s4756.png,1.0902067522055128,-0.04064730023308875,0.32715022563934326,0.17107874155044556
curl_weave,fluid,1,4757,curl_weave/p1_s4757.png,1.3382903869625555,-0.34133820127191933,0.26369863748550415,0.18126632273197174
curl_weave,fluid,2,4758,curl_weave/p2_s4758.png,1.078915210362985,-0.06163954291222168,0.4364219009876251,0.1549709588289261
curl_weave,fluid,3,4759,curl_weave/p3_s4759.png,1.4774491964789516,-0.39533535737620007,0.2008713185787201,0.20097050070762634
curl_weave,fluid,4,4760,curl_weave/p4_s4760.png,1.0791002861826948,-0.060960206469674004,0.20914384722709656,0.1449296772480011
choppy,fluid,0,5532,choppy/p0_s5532.png,1.3826511703871402,-0.2826772064142602,0.307998925447464,0.21110334992408752
choppy,fluid,1,5533,choppy/p1_s5533.png,1.802581710273468,-0.520153004355907,0.40640580654144287,0.19305451214313507
choppy,fluid,2,5534,choppy/p2_s5534.png,1.2835211655962735,-0.17840572642518446,0.38512420654296875,0.2287125140428543
choppy,fluid,3,5535,choppy/p3_s5535.png,1.5690976063984954,-0.3745024034533417,0.3550466299057007,0.21120396256446838
choppy,fluid,4,5536,choppy/p4_s5536.png,1.0387183894965035,-0.07073759079093254,0.30026501417160034,0.15454863011837006
choppy,fluid,0,5537,choppy/p0_s5537.png,1.4381209792259297,-0.41115506568328847,0.30537426471710205,0.18091356754302979
choppy,fluid,1,5538,choppy/p1_s5538.png,1.810471737052291,-0.6007666774377246,0.41085243225097656,0.1938251554965973
choppy,fluid,2,5539,choppy/p2_s5539.png,1.4736992933790927,-0.4000034408454224,0.3872409462928772,0.2114880383014679
choppy,fluid,3,5540,choppy/p3_s5540.png,1.3634505952611333,-0.20823228630600427,0.36859971284866333,0.1945839375257492
choppy,fluid,4,5541,choppy/p4_s5541.png,1.3046282162186273,-0.15524220717575557,0.3505910634994507,0.16665524244308472
eddies,fluid,0,8236,eddies/p0_s8236.png,1.3452191915595129,-0.3106919055969599,0.3455449342727661,0.20608174800872803
eddies,fluid,1,8237,eddies/p1_s8237.png,1.3358086130098252,-0.40688109029397057,0.2698882222175598,0.1786515861749649
eddies,fluid,2,8238,eddies/p2_s8238.png,1.3202757639962122,-0.3237943414721891,0.3325451910495758,0.15957246720790863
eddies,fluid,3,8239,eddies/p3_s8239.png,1.2922682983470946,-0.13051616133236554,0.29045718908309937,0.17859600484371185
eddies,fluid,4,8240,eddies/p4_s8240.png,1.5389386199570585,-0.3142365273967091,0.4069088101387024,0.25925636291503906
eddies,fluid,0,8241,eddies/p0_s8241.png,1.2928495496139092,-0.05317606470004931,0.3746919631958008,0.20825885236263275
eddies,fluid,1,8242,eddies/p1_s8242.png,1.2771650404917927,-0.28739586183275284,0.2890041470527649,0.15727293491363525
eddies,fluid,2,8243,eddies/p2_s8243.png,1.150883191483216,-0.3815079882024143,0.3153661787509918,0.15077121555805206
eddies,fluid,3,8244,eddies/p3_s8244.png,1.393742624712465,-0.12713872490693304,0.3054195046424866,0.16686055064201355
eddies,fluid,4,8245,eddies/p4_s8245.png,1.5278156567647034,-0.2864960195693059,0.4175119400024414,0.2529538571834564
vorticity,fluid,0,4382,vorticity/p0_s4382.png,1.581681396466996,-0.3791431679881176,0.21605932712554932,0.1549953818321228
vorticity,fluid,1,4383,vorticity/p1_s4383.png,1.7069946815010464,-0.5533444673921383,0.23203331232070923,0.17672914266586304
vorticity,fluid,2,4384,vorticity/p2_s4384.png,1.4274692351894789,-0.36245176796058454,0.2334180474281311,0.12859612703323364
vorticity,fluid,3,4385,vorticity/p3_s4385.png,1.0629346620688913,-0.11871254565169474,0.25284698605537415,0.1249440386891365
vorticity,fluid,4,4386,vorticity/p4_s4386.png,1.3701184834546836,-0.4804873174056738,0.20801343023777008,0.1483919620513916
vorticity,fluid,0,4387,vorticity/p0_s4387.png,1.612726451264434,-0.8340843865993481,0.21208959817886353,0.16927579045295715
vorticity,fluid,1,4388,vorticity/p1_s4388.png,1.7286623311273246,-0.7347727187256562,0.3006018102169037,0.20348767936229706
vorticity,fluid,2,4389,vorticity/p2_s4389.png,1.1520593879777663,-0.5318452648165273,0.21751531958580017,0.10910966992378235
vorticity,fluid,3,4390,vorticity/p3_s4390.png,1.2392306953297019,-0.1366883742572163,0.2579597532749176,0.12006264179944992
vorticity,fluid,4,4391,vorticity/p4_s4391.png,1.2286519804818568,-0.18692845854664306,0.22174164652824402,0.12329365313053131
dye_diffusion,fluid,0,5327,dye_diffusion/p0_s5327.png,2.056047419584323,-0.8405527926722196,0.28297191858291626,0.16116753220558167
dye_diffusion,fluid,1,5328,dye_diffusion/p1_s5328.png,1.9642954450243064,-1.3887525920380914,0.33796560764312744,0.12850871682167053
dye_diffusion,fluid,2,5329,dye_diffusion/p2_s5329.png,1.364737386389406,-0.9245372554440652,0.25082069635391235,0.20343711972236633
dye_diffusion,fluid,3,5330,dye_diffusion/p3_s5330.png,2.3506303930562695,-0.8507706109547066,0.5665549039840698,0.17107832431793213
dye_diffusion,fluid,4,5331,dye_diffusion/p4_s5331.png,1.987347402003841,-1.5322924666725533,0.33398449420928955,0.21946309506893158
dye_diffusion,fluid,0,5332,dye_diffusion/p0_s5332.png,2.267233323760773,-1.284974299641534,0.5571814179420471,0.21811702847480774
dye_diffusion,fluid,1,5333,dye_diffusion/p1_s5333.png,1.6221246823906603,-0.941996762425672,0.18305069208145142,0.14160235226154327
dye_diffusion,fluid,2,5334,dye_diffusion/p2_s5334.png,1.303101454058413,-0.4847687319360505,0.21823269128799438,0.13411188125610352
dye_diffusion,fluid,3,5335,dye_diffusion/p3_s5335.png,2.154391029729647,-0.3859096739961665,0.5879076719284058,0.1114610880613327
dye_diffusion,fluid,4,5336,dye_diffusion/p4_s5336.png,2.131795900914955,-1.2721658658808626,0.20032723248004913,0.14823170006275177
rheoscopic,fluid,0,10008,rheoscopic/p0_s10008.png,1.7148921675364555,-0.7983844728688778,0.30587834119796753,0.19766780734062195
rheoscopic,fluid,1,10009,rheoscopic/p1_s10009.png,1.4721989034786547,-0.3684620898676574,0.3119175434112549,0.14198918640613556
rheoscopic,fluid,2,10010,rheoscopic/p2_s10010.png,1.864233394882988,-0.996716967631643,0.23816344141960144,0.14685365557670593
rheoscopic,fluid,3,10011,rheoscopic/p3_s10011.png,1.5616036535971667,-0.7592282801576633,0.2981113791465759,0.18203279376029968
rheoscopic,fluid,4,10012,rheoscopic/p4_s10012.png,1.6265153190703656,-0.49508413571207016,0.29587864875793457,0.1408122330904007
rheoscopic,fluid,0,10013,rheoscopic/p0_s10013.png,1.519780303287333,-1.261714066785823,0.3117949366569519,0.1922740787267685
rheoscopic,fluid,1,10014,rheoscopic/p1_s10014.png,1.7974428368147166,-0.7363871559409289,0.29912570118904114,0.1463478058576584
rheoscopic,fluid,2,10015,rheoscopic/p2_s10015.png,1.6653305315674138,-0.6569785382495765,0.22758746147155762,0.12534064054489136
rheoscopic,fluid,3,10016,rheoscopic/p3_s10016.png,1.5481695213966131,-0.41854819813102523,0.27379751205444336,0.15970711410045624
rheoscopic,fluid,4,10017,rheoscopic/p4_s10017.png,1.5482968227013165,-0.4779448823868264,0.26459595561027527,0.13224463164806366
burled_oak,bark,0,6780,burled_oak/p0_s6780.png,1.1372684083564635,-0.07014339492756085,0.3088590204715729,0.17697641253471375
burled_oak,bark,1,6781,burled_oak/p1_s6781.png,1.150078020955482,-0.11867374143636682,0.3010334372520447,0.1968477964401245
burled_oak,bark,2,6782,burled_oak/p2_s6782.png,1.1758853052184928,-0.07954135015214424,0.2690420150756836,0.16275759041309357
burled_oak,bark,3,6783,burled_oak/p3_s6783.png,1.1118709489887784,-0.10970022379923475,0.268181711435318,0.17820066213607788
burled_oak,bark,4,6784,burled_oak/p4_s6784.png,1.4550607765704644,-0.13467593992900664,0.3206690847873688,0.19532763957977295
burled_oak,bark,0,6785,burled_oak/p0_s6785.png,1.1946048283151556,-0.043448880050155285,0.3178543448448181,0.17811627686023712
burled_oak,bark,1,6786,burled_oak/p1_s6786.png,1.2059201370217596,-0.12112310259122736,0.3164605498313904,0.18414761126041412
burled_oak,bark,2,6787,burled_oak/p2_s6787.png,1.3547687447846302,-0.11416530421190595,0.2641661763191223,0.19292712211608887
burled_oak,bark,3,6788,burled_oak/p3_s6788.png,1.155897662545168,-0.1709181127575717,0.2789173126220703,0.19417545199394226
burled_oak,bark,4,6789,burled_oak/p4_s6789.png,1.366942061659578,-0.11631915047433959,0.33315593004226685,0.19369204342365265
riven_oak,bark,0,9985,riven_oak/p0_s9985.png,0.9200623100460595,0.10537102444840359,0.35457706451416016,0.1376391500234604
riven_oak,bark,1,9986,riven_oak/p1_s9986.png,0.8427899815296785,0.010827851585982212,0.29573220014572144,0.14565876126289368
riven_oak,bark,2,9987,riven_oak/p2_s9987.png,1.0504134545434891,-0.045850297477698046,0.35386908054351807,0.15838657319545746
riven_oak,bark,3,9988,riven_oak/p3_s9988.png,1.1026857129463166,-0.10555385678238077,0.3115887939929962,0.19030772149562836
riven_oak,bark,4,9989,riven_oak/p4_s9989.png,0.8870089832876118,0.01959058475287898,0.25680869817733765,0.1251169741153717
riven_oak,bark,0,9990,riven_oak/p0_s9990.png,0.9836952713929198,-0.0062573441065718795,0.3391839265823364,0.13499031960964203
riven_oak,bark,1,9991,riven_oak/p1_s9991.png,0.90728443077029,-0.02439022165604482,0.3077871799468994,0.14310400187969208
riven_oak,bark,2,9992,riven_oak/p2_s9992.png,1.0609432479540386,0.02505995912516842,0.3556918203830719,0.17106108367443085
riven_oak,bark,3,9993,riven_oak/p3_s9993.png,1.153615015888836,-0.23004875809768136,0.34167706966400146,0.22121533751487732
riven_oak,bark,4,9994,riven_oak/p4_s9994.png,0.9032263337244292,0.03139857786079982,0.22643360495567322,0.11358392983675003
chimney_plume,smoke,0,44,chimney_plume/p0_s44.png,2.1019264749607656,-0.7739224863639361,0.24501845240592957,0.142961323261261
chimney_plume,smoke,1,45,chimney_plume/p1_s45.png,2.0368772285486654,0.1261509916708322,0.369390070438385,0.1386227160692215
chimney_plume,smoke,2,46,chimney_plume/p2_s46.png,2.1547308115078874,-0.49512831129637636,0.29733556509017944,0.1976490616798401
chimney_plume,smoke,3,47,chimney_plume/p3_s47.png,2.3175690201469368,-0.6035746447482534,0.3995896875858307,0.16833949089050293
chimney_plume,smoke,4,48,chimney_plume/p4_s48.png,2.0923957329641465,0.2371401926525163,0.4326714873313904,0.16325965523719788
chimney_plume,smoke,0,49,chimney_plume/p0_s49.png,2.074392543215143,-0.6543569260155546,0.28427577018737793,0.13476070761680603
chimney_plume,smoke,1,50,chimney_plume/p1_s50.png,2.135467602457634,0.015324194351481881,0.36507415771484375,0.12223625183105469
chimney_plume,smoke,2,51,chimney_plume/p2_s51.png,2.1168050775934986,-0.6197687684157996,0.257388174533844,0.17890602350234985
chimney_plume,smoke,3,52,chimney_plume/p3_s52.png,2.1211756324853153,-0.6137352841722902,0.4313182532787323,0.19104552268981934
chimney_plume,smoke,4,53,chimney_plume/p4_s53.png,2.2039187214343876,-0.3796257611291747,0.38140469789505005,0.1625262349843979
billow_smoke,smoke,0,8695,billow_smoke/p0_s8695.png,1.8649713304089317,-0.72476010212757,0.2198837399482727,0.1874120980501175
billow_smoke,smoke,1,8696,billow_smoke/p1_s8696.png,1.8329135528910534,-0.6058086832738806,0.29694515466690063,0.2142408788204193
billow_smoke,smoke,2,8697,billow_smoke/p2_s8697.png,1.9003678441005554,-0.7188175247531587,0.2118118405342102,0.18521229922771454
billow_smoke,smoke,3,8698,billow_smoke/p3_s8698.png,1.790631110853771,-1.0733316289819612,0.28679797053337097,0.18727363646030426
billow_smoke,smoke,4,8699,billow_smoke/p4_s8699.png,2.0823141836121253,-0.514805539655726,0.29010629653930664,0.1774974912405014
billow_smoke,smoke,0,8700,billow_smoke/p0_s8700.png,1.959780323029948,-0.699701577036241,0.23571982979774475,0.19177106022834778
billow_smoke,smoke,1,8701,billow_smoke/p1_s8701.png,1.6765605867551756,-0.47403224439110037,0.28301674127578735,0.20029035210609436
billow_smoke,smoke,2,8702,billow_smoke/p2_s8702.png,2.050377059082565,-0.9011098623313077,0.24015438556671143,0.20975886285305023
billow_smoke,smoke,3,8703,billow_smoke/p3_s8703.png,1.7549941105971434,-0.7152308782220383,0.24560730159282684,0.18863168358802795
billow_smoke,smoke,4,8704,billow_smoke/p4_s8704.png,2.1136362194646083,-0.8713756988692422,0.32036134600639343,0.19250606000423431
firestorm,fire,0,2056,firestorm/p0_s2056.png,1.6449144500997719,-0.5334103117327528,0.2939239740371704,0.22015801072120667
firestorm,fire,1,2057,firestorm/p1_s2057.png,1.6004434862910235,-0.8230602300327591,0.2090906947851181,0.17804855108261108
firestorm,fire,2,2058,firestorm/p2_s2058.png,1.8572666919659333,-0.9100521106253193,0.25146180391311646,0.20130227506160736
firestorm,fire,3,2059,firestorm/p3_s2059.png,1.8253916631188996,-0.8052521525890612,0.20323783159255981,0.1958812028169632
firestorm,fire,4,2060,firestorm/p4_s2060.png,1.5050070781001614,-0.5325548695584531,0.24393239617347717,0.18765278160572052
firestorm,fire,0,2061,firestorm/p0_s2061.png,1.720681404493575,-0.7338456851869671,0.29152899980545044,0.2133624404668808
firestorm,fire,1,2062,firestorm/p1_s2062.png,1.6044457287418923,-0.9094228629719131,0.22029820084571838,0.194584459066391
firestorm,fire,2,2063,firestorm/p2_s2063.png,1.7175940601115984,-1.0468882875341456,0.2517127990722656,0.1945350170135498
firestorm,fire,3,2064,firestorm/p3_s2064.png,1.7429617667769557,-0.8695049762431093,0.18786421418190002,0.18845315277576447
firestorm,fire,4,2065,firestorm/p4_s2065.png,1.554262582885365,-0.5266885902931978,0.3123193681240082,0.22750741243362427
lava_pool,fire,0,9792,lava_pool/p0_s9792.png,1.2800747847254896,-0.2081123650743504,0.1912691593170166,0.14018481969833374
lava_pool,fire,1,9793,lava_pool/p1_s9793.png,1.2679093329303108,-0.17140060412313682,0.19502940773963928,0.12482055276632309
lava_pool,fire,2,9794,lava_pool/p2_s9794.png,1.3359329062994074,-0.184868247624143,0.17357975244522095,0.12425652891397476
lava_pool,fire,3,9795,lava_pool/p3_s9795.png,1.1832217958654756,-0.1252481919530907,0.20453202724456787,0.12473145872354507
lava_pool,fire,4,9796,lava_pool/p4_s9796.png,1.2307486011260862,-0.09566996526379985,0.21196547150611877,0.13815264403820038
lava_pool,fire,0,9797,lava_pool/p0_s9797.png,1.3760218539220483,-0.3226953758599009,0.172654390335083,0.1291188895702362
lava_pool,fire,1,9798,lava_pool/p1_s9798.png,1.4227106638122886,-0.42260340015983977,0.20934094488620758,0.1327119916677475
lava_pool,fire,2,9799,lava_pool/p2_s9799.png,1.3538857666060058,-0.09203936617426106,0.20676128566265106,0.14604054391384125
lava_pool,fire,3,9800,lava_pool/p3_s9800.png,1.2415670813826387,-0.18530998663540066,0.2143242061138153,0.13266970217227936
lava_pool,fire,4,9801,lava_pool/p4_s9801.png,1.1732468607185054,-0.1353075868955392,0.2228369116783142,0.12786364555358887
volcanic_fissure,fire,0,5607,volcanic_fissure/p0_s5607.png,1.3726949780543118,-0.27184410574980233,0.18056142330169678,0.14272208511829376
volcanic_fissure,fire,1,5608,volcanic_fissure/p1_s5608.png,1.3654467398714585,-0.16720840962863295,0.15417465567588806,0.1282554417848587
volcanic_fissure,fire,2,5609,volcanic_fissure/p2_s5609.png,1.4047898114492225,-0.3719755414009459,0.1585206836462021,0.1287420690059662
volcanic_fissure,fire,3,5610,volcanic_fissure/p3_s5610.png,1.4739680321408388,-0.48924230743299074,0.13106472790241241,0.11473231017589569
volcanic_fissure,fire,4,5611,volcanic_fissure/p4_s5611.png,1.5303948483663683,-0.597486564172615,0.18550413846969604,0.15341734886169434
volcanic_fissure,fire,0,5612,volcanic_fissure/p0_s5612.png,1.4580156798013637,-0.2419456017657007,0.1715862900018692,0.14321395754814148
volcanic_fissure,fire,1,5613,volcanic_fissure/p1_s5613.png,1.4140439754581393,-0.22654487524017522,0.15208348631858826,0.12730856239795685
volcanic_fissure,fire,2,5614,volcanic_fissure/p2_s5614.png,1.2379249825182173,-0.16990267521912214,0.14441579580307007,0.12276917695999146
volcanic_fissure,fire,3,5615,volcanic_fissure/p3_s5615.png,1.4070132225397545,-0.4565097141959009,0.1323748677968979,0.11407389491796494
volcanic_fissure,fire,4,5616,volcanic_fissure/p4_s5616.png,1.498676643739141,-0.463665744118295,0.17367030680179596,0.13545887172222137
