family,prompt_idx,seed,prompt,path
marble,0,7377,"extreme macro photograph, polished white marble slab with delicate gray veins flowing across the surface, professional photography, sharp focus, 8K, high detail, photorealistic",marble/p0_s7377.png
marble,1,7378,"extreme macro photograph, Carrara marble countertop closeup, soft branching veins, natural daylight, professional photography, sharp focus, 8K, high detail, photorealistic",marble/p1_s7378.png
marble,2,7379,"extreme macro photograph, antique Italian marble texture with intertwined dark veins, museum lighting, professional photography, sharp focus, 8K, high detail, photorealistic",marble/p2_s7379.png
marble,3,7380,"extreme macro photograph, translucent white marble fragment with subtle gold veining, studio light, professional photography, sharp focus, 8K, high detail, photorealistic",marble/p3_s7380.png
marble,4,7381,"extreme macro photograph, honed marble surface with mineral streaks, even diffuse light, museum-grade, professional photography, sharp focus, 8K, high detail, photorealistic",marble/p4_s7381.png
marble,0,7382,"extreme macro photograph, polished white marble slab with delicate gray veins flowing across the surface, professional photography, sharp focus, 8K, high detail, photorealistic",marble/p0_s7382.png
marble,1,7383,"extreme macro photograph, Carrara marble countertop closeup, soft branching veins, natural daylight, professional photography, sharp focus, 8K, high detail, photorealistic",marble/p1_s7383.png
marble,2,7384,"extreme macro photograph, antique Italian marble texture with intertwined dark veins, museum lighting, professional photography, sharp focus, 8K, high detail, photorealistic",marble/p2_s7384.png
marble,3,7385,"extreme macro photograph, translucent white marble fragment with subtle gold veining, studio light, professional photography, sharp focus, 8K, high detail, photorealistic",marble/p3_s7385.png
marble,4,7386,"extreme macro photograph, honed marble surface with mineral streaks, even diffuse light, museum-grade, professional photography, sharp focus, 8K, high detail, photorealistic",marble/p4_s7386.png
agate,0,791,"extreme macro photograph, polished agate slice with concentric colored bands, vivid layered mineral, bright studio light, professional photography, sharp focus, 8K, high detail, photorealistic",agate/p0_s791.png
agate,1,792,"extreme macro photograph, blue lace agate slab cross-section showing wavy parallel bands, gem photography, professional photography, sharp focus, 8K, high detail, photorealistic",agate/p1_s792.png
agate,2,793,"extreme macro photograph, Brazilian agate geode interior, layered banded chalcedony, jewel-tone palette, professional photography, sharp focus, 8K, high detail, photorealistic",agate/p2_s793.png
agate,3,794,"extreme macro photograph, fortification agate with sharp angular bands, mineral specimen lighting, professional photography, sharp focus, 8K, high detail, photorealistic",agate/p3_s794.png
agate,4,795,"extreme macro photograph, translucent agate slice glowing against backlight, fine banding, gem-quality, professional photography, sharp focus, 8K, high detail, photorealistic",agate/p4_s795.png
agate,0,796,"extreme macro photograph, polished agate slice with concentric colored bands, vivid layered mineral, bright studio light, professional photography, sharp focus, 8K, high detail, photorealistic",agate/p0_s796.png
agate,1,797,"extreme macro photograph, blue lace agate slab cross-section showing wavy parallel bands, gem photography, professional photography, sharp focus, 8K, high detail, photorealistic",agate/p1_s797.png
agate,2,798,"extreme macro photograph, Brazilian agate geode interior, layered banded chalcedony, jewel-tone palette, professional photography, sharp focus, 8K, high detail, photorealistic",agate/p2_s798.png
agate,3,799,"extreme macro photograph, fortification agate with sharp angular bands, mineral specimen lighting, professional photography, sharp focus, 8K, high detail, photorealistic",agate/p3_s799.png
agate,4,800,"extreme macro photograph, translucent agate slice glowing against backlight, fine banding, gem-quality, professional photography, sharp focus, 8K, high detail, photorealistic",agate/p4_s800.png
weathered,0,2085,"extreme macro photograph, weathered limestone wall surface with patchy lichen stains and mineral deposits, overcast daylight, professional photography, sharp focus, 8K, high detail, photorealistic",weathered/p0_s2085.png
weathered,1,2086,"extreme macro photograph, old sandstone block with rain-eroded blotches, neutral gray stains, ancient ruin texture, professional photography, sharp focus, 8K, high detail, photorealistic",weathered/p1_s2086.png
weathered,2,2087,"extreme macro photograph, weathered concrete surface with rust streaks and dark patina, urban decay, professional photography, sharp focus, 8K, high detail, photorealistic",weathered/p2_s2087.png
weathered,3,2088,"extreme macro photograph, lichen-covered boulder face, mottled gray-green stains, natural forest light, professional photography, sharp focus, 8K, high detail, photorealistic",weathered/p3_s2088.png
weathered,4,2089,"extreme macro photograph, saltwater-weathered stone with white mineral deposits, sea cliff texture, professional photography, sharp focus, 8K, high detail, photorealistic",weathered/p4_s2089.png
weathered,0,2090,"extreme macro photograph, weathered limestone wall surface with patchy lichen stains and mineral deposits, overcast daylight, professional photography, sharp focus, 8K, high detail, photorealistic",weathered/p0_s2090.png
weathered,1,2091,"extreme macro photograph, old sandstone block with rain-eroded blotches, neutral gray stains, ancient ruin texture, professional photography, sharp focus, 8K, high detail, photorealistic",weathered/p1_s2091.png
weathered,2,2092,"extreme macro photograph, weathered concrete surface with rust streaks and dark patina, urban decay, professional photography, sharp focus, 8K, high detail, photorealistic",weathered/p2_s2092.png
weathered,3,2093,"extreme macro photograph, lichen-covered boulder face, mottled gray-green stains, natural forest light, professional photography, sharp focus, 8K, high detail, photorealistic",weathered/p3_s2093.png
weathered,4,2094,"extreme macro photograph, saltwater-weathered stone with white mineral deposits, sea cliff texture, professional photography, sharp focus, 8K, high detail, photorealistic",weathered/p4_s2094.png
granite,0,5468,"extreme macro photograph, polished gray granite surface with sharp crystalline grains, bright studio light, professional photography, sharp focus, 8K, high detail, photorealistic",granite/p0_s5468.png
granite,1,5469,"extreme macro photograph, black and pink granite countertop closeup, mica flecks visible, kitchen lighting, professional photography, sharp focus, 8K, high detail, photorealistic",granite/p1_s5469.png
granite,2,5470,"extreme macro photograph, natural rough granite boulder face, individual quartz crystals catching sunlight, professional photography, sharp focus, 8K, high detail, photorealistic",granite/p2_s5470.png
granite,3,5471,"extreme macro photograph, salt-and-pepper granite slab, even crystal distribution, museum lighting, professional photography, sharp focus, 8K, high detail, photorealistic",granite/p3_s5471.png
granite,4,5472,"extreme macro photograph, pink granite surface showing feldspar crystals and dark biotite specks, macro detail, professional photography, sharp focus, 8K, high detail, photorealistic",granite/p4_s5472.png
granite,0,5473,"extreme macro photograph, polished gray granite surface with sharp crystalline grains, bright studio light, professional photography, sharp focus, 8K, high detail, photorealistic",granite/p0_s5473.png
granite,1,5474,"extreme macro photograph, black and pink granite countertop closeup, mica flecks visible, kitchen lighting, professional photography, sharp focus, 8K, high detail, photorealistic",granite/p1_s5474.png
granite,2,5475,"extreme macro photograph, natural rough granite boulder face, individual quartz crystals catching sunlight, professional photography, sharp focus, 8K, high detail, photorealistic",granite/p2_s5475.png
granite,3,5476,"extreme macro photograph, salt-and-pepper granite slab, even crystal distribution, museum lighting, professional photography, sharp focus, 8K, high detail, photorealistic",granite/p3_s5476.png
granite,4,5477,"extreme macro photograph, pink granite surface showing feldspar crystals and dark biotite specks, macro detail, professional photography, sharp focus, 8K, high detail, photorealistic",granite/p4_s5477.png
vesicular,0,5937,"extreme macro photograph, vesicular basalt surface with countless small gas bubbles, dark volcanic rock, raking light, professional photography, sharp focus, 8K, high detail, photorealistic",vesicular/p0_s5937.png
vesicular,1,5938,"extreme macro photograph, porous pumice stone closeup, irregular vesicles, dry studio light, professional photography, sharp focus, 8K, high detail, photorealistic",vesicular/p1_s5938.png
vesicular,2,5939,"extreme macro photograph, scoria volcanic rock surface, deep dark cavities, dramatic shadow, professional photography, sharp focus, 8K, high detail, photorealistic",vesicular/p2_s5939.png
vesicular,3,5940,"extreme macro photograph, lava rock with frozen bubble cavities, rough porous surface, natural daylight, professional photography, sharp focus, 8K, high detail, photorealistic",vesicular/p3_s5940.png
vesicular,4,5941,"extreme macro photograph, weathered vesicular basalt with mineral-stained pore interiors, overcast light, professional photography, sharp focus, 8K, high detail, photorealistic",vesicular/p4_s5941.png
vesicular,0,5942,"extreme macro photograph, vesicular basalt surface with countless small gas bubbles, dark volcanic rock, raking light, professional photography, sharp focus, 8K, high detail, photorealistic",vesicular/p0_s5942.png
vesicular,1,5943,"extreme macro photograph, porous pumice stone closeup, irregular vesicles, dry studio light, professional photography, sharp focus, 8K, high detail, photorealistic",vesicular/p1_s5943.png
vesicular,2,5944,"extreme macro photograph, scoria volcanic rock surface, deep dark cavities, dramatic shadow, professional photography, sharp focus, 8K, high detail, photorealistic",vesicular/p2_s5944.png
vesicular,3,5945,"extreme macro photograph, lava rock with frozen bubble cavities, rough porous surface, natural daylight, professional photography, sharp focus, 8K, high detail, photorealistic",vesicular/p3_s5945.png
vesicular,4,5946,"extreme macro photograph, weathered vesicular basalt with mineral-stained pore interiors, overcast light, professional photography, sharp focus, 8K, high detail, photorealistic",vesicular/p4_s5946.png
turbulent,0,6970,"extreme macro photograph, turbulently flowing molten rock that has solidified mid-swirl, ropy pahoehoe lava surface, professional photography, sharp focus, 8K, high detail, photorealistic",turbulent/p0_s6970.png
turbulent,1,6971,"extreme macro photograph, obsidian flow surface with chaotic swirl patterns, glossy black volcanic glass, professional photography, sharp focus, 8K, high detail, photorealistic",turbulent/p1_s6971.png
turbulent,2,6972,"extreme macro photograph, fluid lava flow stone with intertwined ribbon textures, low raking sunlight, professional photography, sharp focus, 8K, high detail, photorealistic",turbulent/p2_s6972.png
turbulent,3,6973,"extreme macro photograph, frozen flow-stone surface with curling sworls and chaotic eddies, natural light, professional photography, sharp focus, 8K, high detail, photorealistic",turbulent/p3_s6973.png
turbulent,4,6974,"extreme macro photograph, viscous magma surface texture, twisted ribbons of dark rock, dramatic side light, professional photography, sharp focus, 8K, high detail, photorealistic",turbulent/p4_s6974.png
turbulent,0,6975,"extreme macro photograph, turbulently flowing molten rock that has solidified mid-swirl, ropy pahoehoe lava surface, professional photography, sharp focus, 8K, high detail, photorealistic",turbulent/p0_s6975.png
turbulent,1,6976,"extreme macro photograph, obsidian flow surface with chaotic swirl patterns, glossy black volcanic glass, professional photography, sharp focus, 8K, high detail, photorealistic",turbulent/p1_s6976.png
turbulent,2,6977,"extreme macro photograph, fluid lava flow stone with intertwined ribbon textures, low raking sunlight, professional photography, sharp focus, 8K, high detail, photorealistic",turbulent/p2_s6977.png
turbulent,3,6978,"extreme macro photograph, frozen flow-stone surface with curling sworls and chaotic eddies, natural light, professional photography, sharp focus, 8K, high detail, photorealistic",turbulent/p3_s6978.png
turbulent,4,6979,"extreme macro photograph, viscous magma surface texture, twisted ribbons of dark rock, dramatic side light, professional photography, sharp focus, 8K, high detail, photorealistic",turbulent/p4_s6979.png
schist,0,8638,"extreme macro photograph, mica schist rock surface with shimmering parallel foliation planes, natural daylight, professional photography, sharp focus, 8K, high detail, photorealistic",schist/p0_s8638.png
schist,1,8639,"extreme macro photograph, garnet schist closeup, fine wavy foliations with dark mineral grains, museum lighting, professional photography, sharp focus, 8K, high detail, photorealistic",schist/p1_s8639.png
schist,2,8640,"extreme macro photograph, weathered schist boulder face, layered laminations catching light, mountain trail, professional photography, sharp focus, 8K, high detail, photorealistic",schist/p2_s8640.png
schist,3,8641,"extreme macro photograph, graphite-rich schist surface, dark wavy foliations, raking studio light, professional photography, sharp focus, 8K, high detail, photorealistic",schist/p3_s8641.png
schist,4,8642,"extreme macro photograph, silvery muscovite schist showing reflective layered sheets, geologist's specimen photo, professional photography, sharp focus, 8K, high detail, photorealistic",schist/p4_s8642.png
schist,0,8643,"extreme macro photograph, mica schist rock surface with shimmering parallel foliation planes, natural daylight, professional photography, sharp focus, 8K, high detail, photorealistic",schist/p0_s8643.png
schist,1,8644,"extreme macro photograph, garnet schist closeup, fine wavy foliations with dark mineral grains, museum lighting, professional photography, sharp focus, 8K, high detail, photorealistic",schist/p1_s8644.png
schist,2,8645,"extreme macro photograph, weathered schist boulder face, layered laminations catching light, mountain trail, professional photography, sharp focus, 8K, high detail, photorealistic",schist/p2_s8645.png
schist,3,8646,"extreme macro photograph, graphite-rich schist surface, dark wavy foliations, raking studio light, professional photography, sharp focus, 8K, high detail, photorealistic",schist/p3_s8646.png
schist,4,8647,"extreme macro photograph, silvery muscovite schist showing reflective layered sheets, geologist's specimen photo, professional photography, sharp focus, 8K, high detail, photorealistic",schist/p4_s8647.png
serpentinite,0,3749,"extreme macro photograph, polished serpentinite rock slab, mottled deep green with darker veins, museum specimen light, professional photography, sharp focus, 8K, high detail, photorealistic",serpentinite/p0_s3749.png
serpentinite,1,3750,"extreme macro photograph, raw serpentinite outcrop face, mottled green-black surface with thin white veinlets, natural daylight, professional photography, sharp focus, 8K, high detail, photorealistic",serpentinite/p1_s3750.png
serpentinite,2,3751,"extreme macro photograph, weathered serpentinite boulder, splotchy green and rust patina, forest light, professional photography, sharp focus, 8K, high detail, photorealistic",serpentinite/p2_s3751.png
serpentinite,3,3752,"extreme macro photograph, antigorite serpentinite closeup, mottled olive-green with chrysotile streaks, geology specimen, professional photography, sharp focus, 8K, high detail, photorealistic",serpentinite/p3_s3752.png
serpentinite,4,3753,"extreme macro photograph, polished California serpentinite showing dark vein network across green matrix, studio light, professional photography, sharp focus, 8K, high detail, photorealistic",serpentinite/p4_s3753.png
serpentinite,0,3754,"extreme macro photograph, polished serpentinite rock slab, mottled deep green with darker veins, museum specimen light, professional photography, sharp focus, 8K, high detail, photorealistic",serpentinite/p0_s3754.png
serpentinite,1,3755,"extreme macro photograph, raw serpentinite outcrop face, mottled green-black surface with thin white veinlets, natural daylight, professional photography, sharp focus, 8K, high detail, photorealistic",serpentinite/p1_s3755.png
serpentinite,2,3756,"extreme macro photograph, weathered serpentinite boulder, splotchy green and rust patina, forest light, professional photography, sharp focus, 8K, high detail, photorealistic",serpentinite/p2_s3756.png
serpentinite,3,3757,"extreme macro photograph, antigorite serpentinite closeup, mottled olive-green with chrysotile streaks, geology specimen, professional photography, sharp focus, 8K, high detail, photorealistic",serpentinite/p3_s3757.png
serpentinite,4,3758,"extreme macro photograph, polished California serpentinite showing dark vein network across green matrix, studio light, professional photography, sharp focus, 8K, high detail, photorealistic",serpentinite/p4_s3758.png
flow_banded,0,6565,"extreme macro photograph, flow-banded rhyolite surface with parallel colored bands, smooth banded lava, raking light, professional photography, sharp focus, 8K, high detail, photorealistic",flow_banded/p0_s6565.png
flow_banded,1,6566,"extreme macro photograph, banded iron formation closeup, alternating rust-red and gray laminations, geological specimen, professional photography, sharp focus, 8K, high detail, photorealistic",flow_banded/p1_s6566.png
flow_banded,2,6567,"extreme macro photograph, flow-banded obsidian with thin parallel stripes, glossy volcanic glass, low light, professional photography, sharp focus, 8K, high detail, photorealistic",flow_banded/p2_s6567.png
flow_banded,3,6568,"extreme macro photograph, rhyolite flow bands closeup, ribbon-like alternating textures, natural sunlight, professional photography, sharp focus, 8K, high detail, photorealistic",flow_banded/p3_s6568.png
flow_banded,4,6569,"extreme macro photograph, banded fluorite rock face, wide parallel mineral bands, museum specimen lighting, professional photography, sharp focus, 8K, high detail, photorealistic",flow_banded/p4_s6569.png
flow_banded,0,6570,"extreme macro photograph, flow-banded rhyolite surface with parallel colored bands, smooth banded lava, raking light, professional photography, sharp focus, 8K, high detail, photorealistic",flow_banded/p0_s6570.png
flow_banded,1,6571,"extreme macro photograph, banded iron formation closeup, alternating rust-red and gray laminations, geological specimen, professional photography, sharp focus, 8K, high detail, photorealistic",flow_banded/p1_s6571.png
flow_banded,2,6572,"extreme macro photograph, flow-banded obsidian with thin parallel stripes, glossy volcanic glass, low light, professional photography, sharp focus, 8K, high detail, photorealistic",flow_banded/p2_s6572.png
flow_banded,3,6573,"extreme macro photograph, rhyolite flow bands closeup, ribbon-like alternating textures, natural sunlight, professional photography, sharp focus, 8K, high detail, photorealistic",flow_banded/p3_s6573.png
flow_banded,4,6574,"extreme macro photograph, banded fluorite rock face, wide parallel mineral bands, museum specimen lighting, professional photography, sharp focus, 8K, high detail, photorealistic",flow_banded/p4_s6574.png
convoluted,0,9511,"extreme macro photograph, convoluted metamorphic rock surface with chaotic folded layers, dramatic light, professional photography, sharp focus, 8K, high detail, photorealistic",convoluted/p0_s9511.png
convoluted,1,9512,"extreme macro photograph, ptygmatic folded gneiss closeup, tight chaotic folds within layered host rock, professional photography, sharp focus, 8K, high detail, photorealistic",convoluted/p1_s9512.png
convoluted,2,9513,"extreme macro photograph, highly contorted migmatite surface, dark folded layers within lighter matrix, natural light, professional photography, sharp focus, 8K, high detail, photorealistic",convoluted/p2_s9513.png
convoluted,3,9514,"extreme macro photograph, intensely folded slate with chaotic crinkle pattern, raking studio light, professional photography, sharp focus, 8K, high detail, photorealistic",convoluted/p3_s9514.png
convoluted,4,9515,"extreme macro photograph, convoluted folded marble surface, swirling bands of contrasting colors, museum lighting, professional photography, sharp focus, 8K, high detail, photorealistic",convoluted/p4_s9515.png
convoluted,0,9516,"extreme macro photograph, convoluted metamorphic rock surface with chaotic folded layers, dramatic light, professional photography, sharp focus, 8K, high detail, photorealistic",convoluted/p0_s9516.png
convoluted,1,9517,"extreme macro photograph, ptygmatic folded gneiss closeup, tight chaotic folds within layered host rock, professional photography, sharp focus, 8K, high detail, photorealistic",convoluted/p1_s9517.png
convoluted,2,9518,"extreme macro photograph, highly contorted migmatite surface, dark folded layers within lighter matrix, natural light, professional photography, sharp focus, 8K, high detail, photorealistic",convoluted/p2_s9518.png
convoluted,3,9519,"extreme macro photograph, intensely folded slate with chaotic crinkle pattern, raking studio light, professional photography, sharp focus, 8K, high detail, photorealistic",convoluted/p3_s9519.png
convoluted,4,9520,"extreme macro photograph, convoluted folded marble surface, swirling bands of contrasting colors, museum lighting, professional photography, sharp focus, 8K, high detail, photorealistic",convoluted/p4_s9520.png
gneiss,0,282,"extreme macro photograph, high-grade gneiss rock face with alternating light and dark mineral bands, natural daylight, professional photography, sharp focus, 8K, high detail, photorealistic",gneiss/p0_s282.png
gneiss,1,283,"extreme macro photograph, polished gneiss slab closeup, classic granite-like banding, museum lighting, professional photography, sharp focus, 8K, high detail, photorealistic",gneiss/p1_s283.png
gneiss,2,284,"extreme macro photograph, weathered gneiss outcrop with parallel laminations, mountain trail photography, professional photography, sharp focus, 8K, high detail, photorealistic",gneiss/p2_s284.png
gneiss,3,285,"extreme macro photograph, augen gneiss surface showing lens-shaped feldspar crystals in banded matrix, geologist's photo, professional photography, sharp focus, 8K, high detail, photorealistic",gneiss/p3_s285.png
gneiss,4,286,"extreme macro photograph, biotite-rich gneiss showing dark mineral bands alternating with quartz-feldspar layers, studio light, professional photography, sharp focus, 8K, high detail, photorealistic",gneiss/p4_s286.png
gneiss,0,287,"extreme macro photograph, high-grade gneiss rock face with alternating light and dark mineral bands, natural daylight, professional photography, sharp focus, 8K, high detail, photorealistic",gneiss/p0_s287.png
gneiss,1,288,"extreme macro photograph, polished gneiss slab closeup, classic granite-like banding, museum lighting, professional photography, sharp focus, 8K, high detail, photorealistic",gneiss/p1_s288.png
gneiss,2,289,"extreme macro photograph, weathered gneiss outcrop with parallel laminations, mountain trail photography, professional photography, sharp focus, 8K, high detail, photorealistic",gneiss/p2_s289.png
gneiss,3,290,"extreme macro photograph, augen gneiss surface showing lens-shaped feldspar crystals in banded matrix, geologist's photo, professional photography, sharp focus, 8K, high detail, photorealistic",gneiss/p3_s290.png
gneiss,4,291,"extreme macro photograph, biotite-rich gneiss showing dark mineral bands alternating with quartz-feldspar layers, studio light, professional photography, sharp focus, 8K, high detail, photorealistic",gneiss/p4_s291.png
cascade_lognormal,0,4579,"extreme macro photograph, puffy cumulus clouds filling the sky, sunlit billowing tops, blue background, professional photography, sharp focus, 8K, high detail, photorealistic",cascade_lognormal/p0_s4579.png
cascade_lognormal,1,4580,"extreme macro photograph, isolated cumulus cloud against deep blue sky, sharp edges, midday sunlight, professional photography, sharp focus, 8K, high detail, photorealistic",cascade_lognormal/p1_s4580.png
cascade_lognormal,2,4581,"extreme macro photograph, cumulus humilis cloud field photographed from above, dense puffy tops, aerial view, professional photography, sharp focus, 8K, high detail, photorealistic",cascade_lognormal/p2_s4581.png
cascade_lognormal,3,4582,"extreme macro photograph, towering cumulus clouds with strong shadow contrast, dramatic late afternoon light, professional photography, sharp focus, 8K, high detail, photorealistic",cascade_lognormal/p3_s4582.png
cascade_lognormal,4,4583,"extreme macro photograph, small cumulus puffs at low altitude, evenly distributed across blue sky, soft sunlight, professional photography, sharp focus, 8K, high detail, photorealistic",cascade_lognormal/p4_s4583.png
cascade_lognormal,0,4584,"extreme macro photograph, puffy cumulus clouds filling the sky, sunlit billowing tops, blue background, professional photography, sharp focus, 8K, high detail, photorealistic",cascade_lognormal/p0_s4584.png
cascade_lognormal,1,4585,"extreme macro photograph, isolated cumulus cloud against deep blue sky, sharp edges, midday sunlight, professional photography, sharp focus, 8K, high detail, photorealistic",cascade_lognormal/p1_s4585.png
cascade_lognormal,2,4586,"extreme macro photograph, cumulus humilis cloud field photographed from above, dense puffy tops, aerial view, professional photography, sharp focus, 8K, high detail, photorealistic",cascade_lognormal/p2_s4586.png
cascade_lognormal,3,4587,"extreme macro photograph, towering cumulus clouds with strong shadow contrast, dramatic late afternoon light, professional photography, sharp focus, 8K, high detail, photorealistic",cascade_lognormal/p3_s4587.png
cascade_lognormal,4,4588,"extreme macro photograph, small cumulus puffs at low altitude, evenly distributed across blue sky, soft sunlight, professional photography, sharp focus, 8K, high detail, photorealistic",cascade_lognormal/p4_s4588.png
stratified,0,4772,"extreme macro photograph, horizontal stratus cloud layers stacked across the sky, parallel cloud bands, dawn light, professional photography, sharp focus, 8K, high detail, photorealistic",stratified/p0_s4772.png
stratified,1,4773,"extreme macro photograph, altostratus cloud sheet seen from below, even gray layer with subtle texture, overcast, professional photography, sharp focus, 8K, high detail, photorealistic",stratified/p1_s4773.png
stratified,2,4774,"extreme macro photograph, stratocumulus cloud field with parallel rolls, low altitude, late afternoon, professional photography, sharp focus, 8K, high detail, photorealistic",stratified/p2_s4774.png
stratified,3,4775,"extreme macro photograph, layered cloud strata seen from an airplane window, parallel bands at sunset, professional photography, sharp focus, 8K, high detail, photorealistic",stratified/p3_s4775.png
stratified,4,4776,"extreme macro photograph, uniform stratus deck filling the sky, soft horizontal banding, diffuse daylight, professional photography, sharp focus, 8K, high detail, photorealistic",stratified/p4_s4776.png
stratified,0,4777,"extreme macro photograph, horizontal stratus cloud layers stacked across the sky, parallel cloud bands, dawn light, professional photography, sharp focus, 8K, high detail, photorealistic",stratified/p0_s4777.png
stratified,1,4778,"extreme macro photograph, altostratus cloud sheet seen from below, even gray layer with subtle texture, overcast, professional photography, sharp focus, 8K, high detail, photorealistic",stratified/p1_s4778.png
stratified,2,4779,"extreme macro photograph, stratocumulus cloud field with parallel rolls, low altitude, late afternoon, professional photography, sharp focus, 8K, high detail, photorealistic",stratified/p2_s4779.png
stratified,3,4780,"extreme macro photograph, layered cloud strata seen from an airplane window, parallel bands at sunset, professional photography, sharp focus, 8K, high detail, photorealistic",stratified/p3_s4780.png
stratified,4,4781,"extreme macro photograph, uniform stratus deck filling the sky, soft horizontal banding, diffuse daylight, professional photography, sharp focus, 8K, high detail, photorealistic",stratified/p4_s4781.png
billow,0,5774,"extreme macro photograph, Kelvin-Helmholtz billow clouds rolling across the sky, wave-like cloud crests, dawn light, professional photography, sharp focus, 8K, high detail, photorealistic",billow/p0_s5774.png
billow,1,5775,"extreme macro photograph, rotor cloud waves over mountain ridge, parallel curling billows, dramatic side light, professional photography, sharp focus, 8K, high detail, photorealistic",billow/p1_s5775.png
billow,2,5776,"extreme macro photograph, lenticular cloud waves stacked over a peak, smooth wave crests, golden hour, professional photography, sharp focus, 8K, high detail, photorealistic",billow/p2_s5776.png
billow,3,5777,"extreme macro photograph, asperitas cloud formation seen from below, undulating wave pattern across the sky, dramatic light, professional photography, sharp focus, 8K, high detail, photorealistic",billow/p3_s5777.png
billow,4,5778,"extreme macro photograph, wave cloud sheet with regular rippled crests, evening sky, low warm sun, professional photography, sharp focus, 8K, high detail, photorealistic",billow/p4_s5778.png
billow,0,5779,"extreme macro photograph, Kelvin-Helmholtz billow clouds rolling across the sky, wave-like cloud crests, dawn light, professional photography, sharp focus, 8K, high detail, photorealistic",billow/p0_s5779.png
billow,1,5780,"extreme macro photograph, rotor cloud waves over mountain ridge, parallel curling billows, dramatic side light, professional photography, sharp focus, 8K, high detail, photorealistic",billow/p1_s5780.png
billow,2,5781,"extreme macro photograph, lenticular cloud waves stacked over a peak, smooth wave crests, golden hour, professional photography, sharp focus, 8K, high detail, photorealistic",billow/p2_s5781.png
billow,3,5782,"extreme macro photograph, asperitas cloud formation seen from below, undulating wave pattern across the sky, dramatic light, professional photography, sharp focus, 8K, high detail, photorealistic",billow/p3_s5782.png
billow,4,5783,"extreme macro photograph, wave cloud sheet with regular rippled crests, evening sky, low warm sun, professional photography, sharp focus, 8K, high detail, photorealistic",billow/p4_s5783.png
cirrus,0,6257,"extreme macro photograph, wispy cirrus clouds streaking across blue sky, fine ice crystal filaments, high altitude, professional photography, sharp focus, 8K, high detail, photorealistic",cirrus/p0_s6257.png
cirrus,1,6258,"extreme macro photograph, cirrus fibratus closeup with fine wispy strands, deep blue background, midday sun, professional photography, sharp focus, 8K, high detail, photorealistic",cirrus/p1_s6258.png
cirrus,2,6259,"extreme macro photograph, cirrus uncinus mares-tails sweeping across the sky, delicate hooked strands, soft sunlight, professional photography, sharp focus, 8K, high detail, photorealistic",cirrus/p2_s6259.png
cirrus,3,6260,"extreme macro photograph, high-altitude cirrus stripes against a clear blue sky, parallel ice crystal trails, daylight, professional photography, sharp focus, 8K, high detail, photorealistic",cirrus/p3_s6260.png
cirrus,4,6261,"extreme macro photograph, thin cirrostratus veil with subtle striations across the sky, soft diffuse sunlight, professional photography, sharp focus, 8K, high detail, photorealistic",cirrus/p4_s6261.png
cirrus,0,6262,"extreme macro photograph, wispy cirrus clouds streaking across blue sky, fine ice crystal filaments, high altitude, professional photography, sharp focus, 8K, high detail, photorealistic",cirrus/p0_s6262.png
cirrus,1,6263,"extreme macro photograph, cirrus fibratus closeup with fine wispy strands, deep blue background, midday sun, professional photography, sharp focus, 8K, high detail, photorealistic",cirrus/p1_s6263.png
cirrus,2,6264,"extreme macro photograph, cirrus uncinus mares-tails sweeping across the sky, delicate hooked strands, soft sunlight, professional photography, sharp focus, 8K, high detail, photorealistic",cirrus/p2_s6264.png
cirrus,3,6265,"extreme macro photograph, high-altitude cirrus stripes against a clear blue sky, parallel ice crystal trails, daylight, professional photography, sharp focus, 8K, high detail, photorealistic",cirrus/p3_s6265.png
cirrus,4,6266,"extreme macro photograph, thin cirrostratus veil with subtle striations across the sky, soft diffuse sunlight, professional photography, sharp focus, 8K, high detail, photorealistic",cirrus/p4_s6266.png
cloud_mrw,0,3458,"extreme macro photograph, turbulent cumulus cloud with intricate multi-scale puffs, sharp sunlit edges, intense afternoon light, professional photography, sharp focus, 8K, high detail, photorealistic",cloud_mrw/p0_s3458.png
cloud_mrw,1,3459,"extreme macro photograph, massive convective cloud face showing complex turbulence, dramatic side light, professional photography, sharp focus, 8K, high detail, photorealistic",cloud_mrw/p1_s3459.png
cloud_mrw,2,3460,"extreme macro photograph, turbulent thunderhead cloud closeup, complex bubbling cauliflower structure, dramatic light, professional photography, sharp focus, 8K, high detail, photorealistic",cloud_mrw/p2_s3460.png
cloud_mrw,3,3461,"extreme macro photograph, highly textured cumulonimbus cloud showing nested turbulent puffs, raking sunlight, professional photography, sharp focus, 8K, high detail, photorealistic",cloud_mrw/p3_s3461.png
cloud_mrw,4,3462,"extreme macro photograph, intricate cloud face with multi-scale convective detail, sharp contrast, late afternoon, professional photography, sharp focus, 8K, high detail, photorealistic",cloud_mrw/p4_s3462.png
cloud_mrw,0,3463,"extreme macro photograph, turbulent cumulus cloud with intricate multi-scale puffs, sharp sunlit edges, intense afternoon light, professional photography, sharp focus, 8K, high detail, photorealistic",cloud_mrw/p0_s3463.png
cloud_mrw,1,3464,"extreme macro photograph, massive convective cloud face showing complex turbulence, dramatic side light, professional photography, sharp focus, 8K, high detail, photorealistic",cloud_mrw/p1_s3464.png
cloud_mrw,2,3465,"extreme macro photograph, turbulent thunderhead cloud closeup, complex bubbling cauliflower structure, dramatic light, professional photography, sharp focus, 8K, high detail, photorealistic",cloud_mrw/p2_s3465.png
cloud_mrw,3,3466,"extreme macro photograph, highly textured cumulonimbus cloud showing nested turbulent puffs, raking sunlight, professional photography, sharp focus, 8K, high detail, photorealistic",cloud_mrw/p3_s3466.png
cloud_mrw,4,3467,"extreme macro photograph, intricate cloud face with multi-scale convective detail, sharp contrast, late afternoon, professional photography, sharp focus, 8K, high detail, photorealistic",cloud_mrw/p4_s3467.png
cloud_multifractional,0,6836,"extreme macro photograph, mixed-texture cloud showing both smooth and turbulent regions in the same frame, dramatic sky, professional photography, sharp focus, 8K, high detail, photorealistic",cloud_multifractional/p0_s6836.png
cloud_multifractional,1,6837,"extreme macro photograph, complex sky with regions of soft haze and regions of structured puffs, golden hour, professional photography, sharp focus, 8K, high detail, photorealistic",cloud_multifractional/p1_s6837.png
cloud_multifractional,2,6838,"extreme macro photograph, varied cloud texture across the frame, smooth wisps blending into puffy detail, soft daylight, professional photography, sharp focus, 8K, high detail, photorealistic",cloud_multifractional/p2_s6838.png
cloud_multifractional,3,6839,"extreme macro photograph, transitional cloud zone where stratus blends into cumulus, mixed character, overcast, professional photography, sharp focus, 8K, high detail, photorealistic",cloud_multifractional/p3_s6839.png
cloud_multifractional,4,6840,"extreme macro photograph, complex multi-character cloud composition, smooth and rough regions side by side, daylight, professional photography, sharp focus, 8K, high detail, photorealistic",cloud_multifractional/p4_s6840.png
cloud_multifractional,0,6841,"extreme macro photograph, mixed-texture cloud showing both smooth and turbulent regions in the same frame, dramatic sky, professional photography, sharp focus, 8K, high detail, photorealistic",cloud_multifractional/p0_s6841.png
cloud_multifractional,1,6842,"extreme macro photograph, complex sky with regions of soft haze and regions of structured puffs, golden hour, professional photography, sharp focus, 8K, high detail, photorealistic",cloud_multifractional/p1_s6842.png
cloud_multifractional,2,6843,"extreme macro photograph, varied cloud texture across the frame, smooth wisps blending into puffy detail, soft daylight, professional photography, sharp focus, 8K, high detail, photorealistic",cloud_multifractional/p2_s6843.png
cloud_multifractional,3,6844,"extreme macro photograph, transitional cloud zone where stratus blends into cumulus, mixed character, overcast, professional photography, sharp focus, 8K, high detail, photorealistic",cloud_multifractional/p3_s6844.png
cloud_multifractional,4,6845,"extreme macro photograph, complex multi-character cloud composition, smooth and rough regions side by side, daylight, professional photography, sharp focus, 8K, high detail, photorealistic",cloud_multifractional/p4_s6845.png
warped_fbm,0,1023,"extreme macro photograph, soft smooth gradient cloud sheet across the sky, gentle undulations, overcast daylight, professional photography, sharp focus, 8K, high detail, photorealistic",warped_fbm/p0_s1023.png
warped_fbm,1,1024,"extreme macro photograph, uniform overcast cloud cover with very subtle smooth variations, diffuse soft light, professional photography, sharp focus, 8K, high detail, photorealistic",warped_fbm/p1_s1024.png
warped_fbm,2,1025,"extreme macro photograph, gentle cloud gradient against soft blue sky, no sharp features, even daylight, professional photography, sharp focus, 8K, high detail, photorealistic",warped_fbm/p2_s1025.png
warped_fbm,3,1026,"extreme macro photograph, smooth cloud canvas with very low-frequency undulations, overcast sky, professional photography, sharp focus, 8K, high detail, photorealistic",warped_fbm/p3_s1026.png
warped_fbm,4,1027,"extreme macro photograph, uniform stratus layer with extremely soft tonal variations, diffuse daylight, professional photography, sharp focus, 8K, high detail, photorealistic",warped_fbm/p4_s1027.png
warped_fbm,0,1028,"extreme macro photograph, soft smooth gradient cloud sheet across the sky, gentle undulations, overcast daylight, professional photography, sharp focus, 8K, high detail, photorealistic",warped_fbm/p0_s1028.png
warped_fbm,1,1029,"extreme macro photograph, uniform overcast cloud cover with very subtle smooth variations, diffuse soft light, professional photography, sharp focus, 8K, high detail, photorealistic",warped_fbm/p1_s1029.png
warped_fbm,2,1030,"extreme macro photograph, gentle cloud gradient against soft blue sky, no sharp features, even daylight, professional photography, sharp focus, 8K, high detail, photorealistic",warped_fbm/p2_s1030.png
warped_fbm,3,1031,"extreme macro photograph, smooth cloud canvas with very low-frequency undulations, overcast sky, professional photography, sharp focus, 8K, high detail, photorealistic",warped_fbm/p3_s1031.png
warped_fbm,4,1032,"extreme macro photograph, uniform stratus layer with extremely soft tonal variations, diffuse daylight, professional photography, sharp focus, 8K, high detail, photorealistic",warped_fbm/p4_s1032.png
ridged,0,9005,"extreme macro photograph, ridged altocumulus cloud bands stretching across the sky, parallel rolls, sunrise light, professional photography, sharp focus, 8K, high detail, photorealistic",ridged/p0_s9005.png
ridged,1,9006,"extreme macro photograph, regular cloud street pattern, parallel cloud rolls along wind axis, daylight, professional photography, sharp focus, 8K, high detail, photorealistic",ridged/p1_s9006.png
ridged,2,9007,"extreme macro photograph, lines of cumulus clouds aligned in parallel cloud streets, aerial view from above, professional photography, sharp focus, 8K, high detail, photorealistic",ridged/p2_s9007.png
ridged,3,9008,"extreme macro photograph, wave-like ridged altocumulus, alternating cloud and clear-sky bands, late afternoon, professional photography, sharp focus, 8K, high detail, photorealistic",ridged/p3_s9008.png
ridged,4,9009,"extreme macro photograph, horizontal cloud ridges with sharp parallel structure, dramatic dawn light, professional photography, sharp focus, 8K, high detail, photorealistic",ridged/p4_s9009.png
ridged,0,9010,"extreme macro photograph, ridged altocumulus cloud bands stretching across the sky, parallel rolls, sunrise light, professional photography, sharp focus, 8K, high detail, photorealistic",ridged/p0_s9010.png
ridged,1,9011,"extreme macro photograph, regular cloud street pattern, parallel cloud rolls along wind axis, daylight, professional photography, sharp focus, 8K, high detail, photorealistic",ridged/p1_s9011.png
ridged,2,9012,"extreme macro photograph, lines of cumulus clouds aligned in parallel cloud streets, aerial view from above, professional photography, sharp focus, 8K, high detail, photorealistic",ridged/p2_s9012.png
ridged,3,9013,"extreme macro photograph, wave-like ridged altocumulus, alternating cloud and clear-sky bands, late afternoon, professional photography, sharp focus, 8K, high detail, photorealistic",ridged/p3_s9013.png
ridged,4,9014,"extreme macro photograph, horizontal cloud ridges with sharp parallel structure, dramatic dawn light, professional photography, sharp focus, 8K, high detail, photorealistic",ridged/p4_s9014.png
curl_weave,0,4751,"extreme macro photograph, intricate turbulent water surface with interwoven curl patterns, top-down view, professional photography, sharp focus, 8K, high detail, photorealistic",curl_weave/p0_s4751.png
curl_weave,1,4752,"extreme macro photograph, swirling oil-on-water surface with woven curls of color, macro photography, professional photography, sharp focus, 8K, high detail, photorealistic",curl_weave/p1_s4752.png
curl_weave,2,4753,"extreme macro photograph, marbled paper texture with intertwined curling streaks of pigment, top-down studio light, professional photography, sharp focus, 8K, high detail, photorealistic",curl_weave/p2_s4753.png
curl_weave,3,4754,"extreme macro photograph, ferrofluid surface with woven curl spikes, dramatic side light, lab photography, professional photography, sharp focus, 8K, high detail, photorealistic",curl_weave/p3_s4754.png
curl_weave,4,4755,"extreme macro photograph, magnetic fluid showing woven curl patterns under uniform field, top-down macro, professional photography, sharp focus, 8K, high detail, photorealistic",curl_weave/p4_s4755.png
curl_weave,0,4756,"extreme macro photograph, intricate turbulent water surface with interwoven curl patterns, top-down view, professional photography, sharp focus, 8K, high detail, photorealistic",curl_weave/p0_s4756.png
curl_weave,1,4757,"extreme macro photograph, swirling oil-on-water surface with woven curls of color, macro photography, professional photography, sharp focus, 8K, high detail, photorealistic",curl_weave/p1_s4757.png
curl_weave,2,4758,"extreme macro photograph, marbled paper texture with intertwined curling streaks of pigment, top-down studio light, professional photography, sharp focus, 8K, high detail, photorealistic",curl_weave/p2_s4758.png
curl_weave,3,4759,"extreme macro photograph, ferrofluid surface with woven curl spikes, dramatic side light, lab photography, professional photography, sharp focus, 8K, high detail, photorealistic",curl_weave/p3_s4759.png
curl_weave,4,4760,"extreme macro photograph, magnetic fluid showing woven curl patterns under uniform field, top-down macro, professional photography, sharp focus, 8K, high detail, photorealistic",curl_weave/p4_s4760.png
choppy,0,5532,"extreme macro photograph, choppy ocean surface with countless small wavelets catching sunlight, aerial close view, professional photography, sharp focus, 8K, high detail, photorealistic",choppy/p0_s5532.png
choppy,1,5533,"extreme macro photograph, wind-rippled lake surface with sharp small waves, dawn light, professional photography, sharp focus, 8K, high detail, photorealistic",choppy/p1_s5533.png
choppy,2,5534,"extreme macro photograph, rough sea surface texture with chaotic small whitecaps, daytime aerial photo, professional photography, sharp focus, 8K, high detail, photorealistic",choppy/p2_s5534.png
choppy,3,5535,"extreme macro photograph, choppy harbor water with overlapping small waves, raking afternoon sun, professional photography, sharp focus, 8K, high detail, photorealistic",choppy/p3_s5535.png
choppy,4,5536,"extreme macro photograph, wind-blown river surface with chaotic ripples and tiny crests, top-down macro, professional photography, sharp focus, 8K, high detail, photorealistic",choppy/p4_s5536.png
choppy,0,5537,"extreme macro photograph, choppy ocean surface with countless small wavelets catching sunlight, aerial close view, professional photography, sharp focus, 8K, high detail, photorealistic",choppy/p0_s5537.png
choppy,1,5538,"extreme macro photograph, wind-rippled lake surface with sharp small waves, dawn light, professional photography, sharp focus, 8K, high detail, photorealistic",choppy/p1_s5538.png
choppy,2,5539,"extreme macro photograph, rough sea surface texture with chaotic small whitecaps, daytime aerial photo, professional photography, sharp focus, 8K, high detail, photorealistic",choppy/p2_s5539.png
choppy,3,5540,"extreme macro photograph, choppy harbor water with overlapping small waves, raking afternoon sun, professional photography, sharp focus, 8K, high detail, photorealistic",choppy/p3_s5540.png
choppy,4,5541,"extreme macro photograph, wind-blown river surface with chaotic ripples and tiny crests, top-down macro, professional photography, sharp focus, 8K, high detail, photorealistic",choppy/p4_s5541.png
eddies,0,8236,"extreme macro photograph, turbulent river flow with visible eddies and vortices, top-down aerial view, daylight, professional photography, sharp focus, 8K, high detail, photorealistic",eddies/p0_s8236.png
eddies,1,8237,"extreme macro photograph, vortex street downstream of a bridge pier, visible swirls on water surface, aerial, professional photography, sharp focus, 8K, high detail, photorealistic",eddies/p1_s8237.png
eddies,2,8238,"extreme macro photograph, tidal channel with chaotic eddies and counter-currents, top-down photography, soft daylight, professional photography, sharp focus, 8K, high detail, photorealistic",eddies/p2_s8238.png
eddies,3,8239,"extreme macro photograph, stream flowing around a rock with visible vortex shedding, top-down macro, professional photography, sharp focus, 8K, high detail, photorealistic",eddies/p3_s8239.png
eddies,4,8240,"extreme macro photograph, turbulent wake behind a moving boat, swirling eddies on water surface, aerial, professional photography, sharp focus, 8K, high detail, photorealistic",eddies/p4_s8240.png
eddies,0,8241,"extreme macro photograph, turbulent river flow with visible eddies and vortices, top-down aerial view, daylight, professional photography, sharp focus, 8K, high detail, photorealistic",eddies/p0_s8241.png
eddies,1,8242,"extreme macro photograph, vortex street downstream of a bridge pier, visible swirls on water surface, aerial, professional photography, sharp focus, 8K, high detail, photorealistic",eddies/p1_s8242.png
eddies,2,8243,"extreme macro photograph, tidal channel with chaotic eddies and counter-currents, top-down photography, soft daylight, professional photography, sharp focus, 8K, high detail, photorealistic",eddies/p2_s8243.png
eddies,3,8244,"extreme macro photograph, stream flowing around a rock with visible vortex shedding, top-down macro, professional photography, sharp focus, 8K, high detail, photorealistic",eddies/p3_s8244.png
eddies,4,8245,"extreme macro photograph, turbulent wake behind a moving boat, swirling eddies on water surface, aerial, professional photography, sharp focus, 8K, high detail, photorealistic",eddies/p4_s8245.png
vorticity,0,4382,"extreme macro photograph, smoke or dye injected into a turbulent flow showing vortex structures, lab photography, professional photography, sharp focus, 8K, high detail, photorealistic",vorticity/p0_s4382.png
vorticity,1,4383,"extreme macro photograph, ink in water revealing vortex tube structures, sharp detail, lab macro, professional photography, sharp focus, 8K, high detail, photorealistic",vorticity/p1_s4383.png
vorticity,2,4384,"extreme macro photograph, dye-visualized turbulent flow showing rotating vortex cores, fluid dynamics laboratory, professional photography, sharp focus, 8K, high detail, photorealistic",vorticity/p2_s4384.png
vorticity,3,4385,"extreme macro photograph, Schlieren image of turbulent vortex structures in fluid, scientific photography, professional photography, sharp focus, 8K, high detail, photorealistic",vorticity/p3_s4385.png
vorticity,4,4386,"extreme macro photograph, stretched vortex structures in laminar-turbulent transition flow, lab macro, professional photography, sharp focus, 8K, high detail, photorealistic",vorticity/p4_s4386.png
vorticity,0,4387,"extreme macro photograph, smoke or dye injected into a turbulent flow showing vortex structures, lab photography, professional photography, sharp focus, 8K, high detail, photorealistic",vorticity/p0_s4387.png
vorticity,1,4388,"extreme macro photograph, ink in water revealing vortex tube structures, sharp detail, lab macro, professional photography, sharp focus, 8K, high detail, photorealistic",vorticity/p1_s4388.png
vorticity,2,4389,"extreme macro photograph, dye-visualized turbulent flow showing rotating vortex cores, fluid dynamics laboratory, professional photography, sharp focus, 8K, high detail, photorealistic",vorticity/p2_s4389.png
vorticity,3,4390,"extreme macro photograph, Schlieren image of turbulent vortex structures in fluid, scientific photography, professional photography, sharp focus, 8K, high detail, photorealistic",vorticity/p3_s4390.png
vorticity,4,4391,"extreme macro photograph, stretched vortex structures in laminar-turbulent transition flow, lab macro, professional photography, sharp focus, 8K, high detail, photorealistic",vorticity/p4_s4391.png
dye_diffusion,0,5327,"extreme macro photograph, single drop of red ink diffusing into still water, tendrils spreading outward, top-down macro, professional photography, sharp focus, 8K, high detail, photorealistic",dye_diffusion/p0_s5327.png
dye_diffusion,1,5328,"extreme macro photograph, blue dye spreading through clear water, fine tendrils branching out, lab photography, professional photography, sharp focus, 8K, high detail, photorealistic",dye_diffusion/p1_s5328.png
dye_diffusion,2,5329,"extreme macro photograph, two colors of dye merging in water with sharp diffusion fronts, top-down macro, professional photography, sharp focus, 8K, high detail, photorealistic",dye_diffusion/p2_s5329.png
dye_diffusion,3,5330,"extreme macro photograph, ink drop slowly dissolving into milk, hair-thin diffusion fronts, dramatic light, professional photography, sharp focus, 8K, high detail, photorealistic",dye_diffusion/p3_s5330.png
dye_diffusion,4,5331,"extreme macro photograph, fluorescein dye spreading through water, glowing tendrils branching outward, lab light, professional photography, sharp focus, 8K, high detail, photorealistic",dye_diffusion/p4_s5331.png
dye_diffusion,0,5332,"extreme macro photograph, single drop of red ink diffusing into still water, tendrils spreading outward, top-down macro, professional photography, sharp focus, 8K, high detail, photorealistic",dye_diffusion/p0_s5332.png
dye_diffusion,1,5333,"extreme macro photograph, blue dye spreading through clear water, fine tendrils branching out, lab photography, professional photography, sharp focus, 8K, high detail, photorealistic",dye_diffusion/p1_s5333.png
dye_diffusion,2,5334,"extreme macro photograph, two colors of dye merging in water with sharp diffusion fronts, top-down macro, professional photography, sharp focus, 8K, high detail, photorealistic",dye_diffusion/p2_s5334.png
dye_diffusion,3,5335,"extreme macro photograph, ink drop slowly dissolving into milk, hair-thin diffusion fronts, dramatic light, professional photography, sharp focus, 8K, high detail, photorealistic",dye_diffusion/p3_s5335.png
dye_diffusion,4,5336,"extreme macro photograph, fluorescein dye spreading through water, glowing tendrils branching outward, lab light, professional photography, sharp focus, 8K, high detail, photorealistic",dye_diffusion/p4_s5336.png
rheoscopic,0,10008,"extreme macro photograph, rheoscopic fluid in a sealed jar showing streaks of suspended platelets in flow, side light, professional photography, sharp focus, 8K, high detail, photorealistic",rheoscopic/p0_s10008.png
rheoscopic,1,10009,"extreme macro photograph, Kalliroscope fluid revealing flow lines via reflective platelets, lab photography, professional photography, sharp focus, 8K, high detail, photorealistic",rheoscopic/p1_s10009.png
rheoscopic,2,10010,"extreme macro photograph, rheoscopic fluid with bright streaky highlights tracing the velocity field, side raking light, professional photography, sharp focus, 8K, high detail, photorealistic",rheoscopic/p2_s10010.png
rheoscopic,3,10011,"extreme macro photograph, mica-platelet suspension showing flow visualization streaks under rotation, lab macro, professional photography, sharp focus, 8K, high detail, photorealistic",rheoscopic/p3_s10011.png
rheoscopic,4,10012,"extreme macro photograph, rheoscopic fluid in laminar shear flow, parallel highlight streaks, scientific photography, professional photography, sharp focus, 8K, high detail, photorealistic",rheoscopic/p4_s10012.png
rheoscopic,0,10013,"extreme macro photograph, rheoscopic fluid in a sealed jar showing streaks of suspended platelets in flow, side light, professional photography, sharp focus, 8K, high detail, photorealistic",rheoscopic/p0_s10013.png
rheoscopic,1,10014,"extreme macro photograph, Kalliroscope fluid revealing flow lines via reflective platelets, lab photography, professional photography, sharp focus, 8K, high detail, photorealistic",rheoscopic/p1_s10014.png
rheoscopic,2,10015,"extreme macro photograph, rheoscopic fluid with bright streaky highlights tracing the velocity field, side raking light, professional photography, sharp focus, 8K, high detail, photorealistic",rheoscopic/p2_s10015.png
rheoscopic,3,10016,"extreme macro photograph, mica-platelet suspension showing flow visualization streaks under rotation, lab macro, professional photography, sharp focus, 8K, high detail, photorealistic",rheoscopic/p3_s10016.png
rheoscopic,4,10017,"extreme macro photograph, rheoscopic fluid in laminar shear flow, parallel highlight streaks, scientific photography, professional photography, sharp focus, 8K, high detail, photorealistic",rheoscopic/p4_s10017.png
burled_oak,0,6780,"extreme macro photograph, burled oak bark surface with dense overlapping knots and rough grain, close-up forest photography, professional photography, sharp focus, 8K, high detail, photorealistic",burled_oak/p0_s6780.png
burled_oak,1,6781,"extreme macro photograph, old oak tree trunk with intricate burl patterns and dense knot clusters, natural daylight, professional photography, sharp focus, 8K, high detail, photorealistic",burled_oak/p1_s6781.png
burled_oak,2,6782,"extreme macro photograph, burled walnut wood surface closeup, dense knot clusters in flowing grain, gallery light, professional photography, sharp focus, 8K, high detail, photorealistic",burled_oak/p2_s6782.png
burled_oak,3,6783,"extreme macro photograph, tree burl growth on an old oak, intricate knot field on bark surface, forest light, professional photography, sharp focus, 8K, high detail, photorealistic",burled_oak/p3_s6783.png
burled_oak,4,6784,"extreme macro photograph, burled oak veneer with dense knot clusters and contorted grain, woodworking studio photography, professional photography, sharp focus, 8K, high detail, photorealistic",burled_oak/p4_s6784.png
burled_oak,0,6785,"extreme macro photograph, burled oak bark surface with dense overlapping knots and rough grain, close-up forest photography, professional photography, sharp focus, 8K, high detail, photorealistic",burled_oak/p0_s6785.png
burled_oak,1,6786,"extreme macro photograph, old oak tree trunk with intricate burl patterns and dense knot clusters, natural daylight, professional photography, sharp focus, 8K, high detail, photorealistic",burled_oak/p1_s6786.png
burled_oak,2,6787,"extreme macro photograph, burled walnut wood surface closeup, dense knot clusters in flowing grain, gallery light, professional photography, sharp focus, 8K, high detail, photorealistic",burled_oak/p2_s6787.png
burled_oak,3,6788,"extreme macro photograph, tree burl growth on an old oak, intricate knot field on bark surface, forest light, professional photography, sharp focus, 8K, high detail, photorealistic",burled_oak/p3_s6788.png
burled_oak,4,6789,"extreme macro photograph, burled oak veneer with dense knot clusters and contorted grain, woodworking studio photography, professional photography, sharp focus, 8K, high detail, photorealistic",burled_oak/p4_s6789.png
riven_oak,0,9985,"extreme macro photograph, riven oak board surface with prominent knots and split grain, natural studio light, professional photography, sharp focus, 8K, high detail, photorealistic",riven_oak/p0_s9985.png
riven_oak,1,9986,"extreme macro photograph, rough-sawn oak plank with large dark knots and radial cracks from each knot, raking light, professional photography, sharp focus, 8K, high detail, photorealistic",riven_oak/p1_s9986.png
riven_oak,2,9987,"extreme macro photograph, split oak log surface showing huge prominent knots and grain cracks radiating outward, professional photography, sharp focus, 8K, high detail, photorealistic",riven_oak/p2_s9987.png
riven_oak,3,9988,"extreme macro photograph, weathered oak fence rail with deep grain cracks emanating from old knots, raking sunlight, professional photography, sharp focus, 8K, high detail, photorealistic",riven_oak/p3_s9988.png
riven_oak,4,9989,"extreme macro photograph, old oak floorboard showing wide grain bending around large dark knots, gallery photography, professional photography, sharp focus, 8K, high detail, photorealistic",riven_oak/p4_s9989.png
riven_oak,0,9990,"extreme macro photograph, riven oak board surface with prominent knots and split grain, natural studio light, professional photography, sharp focus, 8K, high detail, photorealistic",riven_oak/p0_s9990.png
riven_oak,1,9991,"extreme macro photograph, rough-sawn oak plank with large dark knots and radial cracks from each knot, raking light, professional photography, sharp focus, 8K, high detail, photorealistic",riven_oak/p1_s9991.png
riven_oak,2,9992,"extreme macro photograph, split oak log surface showing huge prominent knots and grain cracks radiating outward, professional photography, sharp focus, 8K, high detail, photorealistic",riven_oak/p2_s9992.png
riven_oak,3,9993,"extreme macro photograph, weathered oak fence rail with deep grain cracks emanating from old knots, raking sunlight, professional photography, sharp focus, 8K, high detail, photorealistic",riven_oak/p3_s9993.png
riven_oak,4,9994,"extreme macro photograph, old oak floorboard showing wide grain bending around large dark knots, gallery photography, professional photography, sharp focus, 8K, high detail, photorealistic",riven_oak/p4_s9994.png
chimney_plume,0,44,"extreme macro photograph, narrow plume of dark smoke rising from a chimney against a dim sky, dramatic backlight, professional photography, sharp focus, 8K, high detail, photorealistic",chimney_plume/p0_s44.png
chimney_plume,1,45,"extreme macro photograph, thin smoke column rising straight up from a small fire, dusk sky, atmospheric photography, professional photography, sharp focus, 8K, high detail, photorealistic",chimney_plume/p1_s45.png
chimney_plume,2,46,"extreme macro photograph, rising column of campfire smoke, narrow plume, evening forest backlight, professional photography, sharp focus, 8K, high detail, photorealistic",chimney_plume/p2_s46.png
chimney_plume,3,47,"extreme macro photograph, industrial smokestack plume rising vertically, narrow column on overcast sky, professional photography, sharp focus, 8K, high detail, photorealistic",chimney_plume/p3_s47.png
chimney_plume,4,48,"extreme macro photograph, single rising smoke plume from a chimney, narrow opaque column, dawn light, professional photography, sharp focus, 8K, high detail, photorealistic",chimney_plume/p4_s48.png
chimney_plume,0,49,"extreme macro photograph, narrow plume of dark smoke rising from a chimney against a dim sky, dramatic backlight, professional photography, sharp focus, 8K, high detail, photorealistic",chimney_plume/p0_s49.png
chimney_plume,1,50,"extreme macro photograph, thin smoke column rising straight up from a small fire, dusk sky, atmospheric photography, professional photography, sharp focus, 8K, high detail, photorealistic",chimney_plume/p1_s50.png
chimney_plume,2,51,"extreme macro photograph, rising column of campfire smoke, narrow plume, evening forest backlight, professional photography, sharp focus, 8K, high detail, photorealistic",chimney_plume/p2_s51.png
chimney_plume,3,52,"extreme macro photograph, industrial smokestack plume rising vertically, narrow column on overcast sky, professional photography, sharp focus, 8K, high detail, photorealistic",chimney_plume/p3_s52.png
chimney_plume,4,53,"extreme macro photograph, single rising smoke plume from a chimney, narrow opaque column, dawn light, professional photography, sharp focus, 8K, high detail, photorealistic",chimney_plume/p4_s53.png
billow_smoke,0,8695,"extreme macro photograph, thick billowing smoke filling the frame, dramatic backlighting, volumetric haze, professional photography, sharp focus, 8K, high detail, photorealistic",billow_smoke/p0_s8695.png
billow_smoke,1,8696,"extreme macro photograph, broad smoke cloud rising from a fire, dense billowing mass, late afternoon backlight, professional photography, sharp focus, 8K, high detail, photorealistic",billow_smoke/p1_s8696.png
billow_smoke,2,8697,"extreme macro photograph, huge billowing smoke cloud rolling upward, dense opaque smoke, dramatic backlight, professional photography, sharp focus, 8K, high detail, photorealistic",billow_smoke/p2_s8697.png
billow_smoke,3,8698,"extreme macro photograph, dense black smoke billows from a burning building, broad rising cloud, raking sun, professional photography, sharp focus, 8K, high detail, photorealistic",billow_smoke/p3_s8698.png
billow_smoke,4,8699,"extreme macro photograph, wildfire smoke plume filling the sky, broad dense billows, golden hour backlight, professional photography, sharp focus, 8K, high detail, photorealistic",billow_smoke/p4_s8699.png
billow_smoke,0,8700,"extreme macro photograph, thick billowing smoke filling the frame, dramatic backlighting, volumetric haze, professional photography, sharp focus, 8K, high detail, photorealistic",billow_smoke/p0_s8700.png
billow_smoke,1,8701,"extreme macro photograph, broad smoke cloud rising from a fire, dense billowing mass, late afternoon backlight, professional photography, sharp focus, 8K, high detail, photorealistic",billow_smoke/p1_s8701.png
billow_smoke,2,8702,"extreme macro photograph, huge billowing smoke cloud rolling upward, dense opaque smoke, dramatic backlight, professional photography, sharp focus, 8K, high detail, photorealistic",billow_smoke/p2_s8702.png
billow_smoke,3,8703,"extreme macro photograph, dense black smoke billows from a burning building, broad rising cloud, raking sun, professional photography, sharp focus, 8K, high detail, photorealistic",billow_smoke/p3_s8703.png
billow_smoke,4,8704,"extreme macro photograph, wildfire smoke plume filling the sky, broad dense billows, golden hour backlight, professional photography, sharp focus, 8K, high detail, photorealistic",billow_smoke/p4_s8704.png
firestorm,0,2056,"extreme macro photograph, raging bonfire flames filling the frame, chaotic swirling fire tongues, dramatic night light, professional photography, sharp focus, 8K, high detail, photorealistic",firestorm/p0_s2056.png
firestorm,1,2057,"extreme macro photograph, intense house fire with chaotic vortices of flame, night photography, professional photography, sharp focus, 8K, high detail, photorealistic",firestorm/p1_s2057.png
firestorm,2,2058,"extreme macro photograph, swirling wildfire flames seen up close, twisted fire tongues, dramatic night light, professional photography, sharp focus, 8K, high detail, photorealistic",firestorm/p2_s2058.png
firestorm,3,2059,"extreme macro photograph, industrial flare stack at night, chaotic flame vortices roaring upward, professional photography, sharp focus, 8K, high detail, photorealistic",firestorm/p3_s2059.png
firestorm,4,2060,"extreme macro photograph, controlled burn with raging flame vortices and turbulent fire structure, dramatic night, professional photography, sharp focus, 8K, high detail, photorealistic",firestorm/p4_s2060.png
firestorm,0,2061,"extreme macro photograph, raging bonfire flames filling the frame, chaotic swirling fire tongues, dramatic night light, professional photography, sharp focus, 8K, high detail, photorealistic",firestorm/p0_s2061.png
firestorm,1,2062,"extreme macro photograph, intense house fire with chaotic vortices of flame, night photography, professional photography, sharp focus, 8K, high detail, photorealistic",firestorm/p1_s2062.png
firestorm,2,2063,"extreme macro photograph, swirling wildfire flames seen up close, twisted fire tongues, dramatic night light, professional photography, sharp focus, 8K, high detail, photorealistic",firestorm/p2_s2063.png
firestorm,3,2064,"extreme macro photograph, industrial flare stack at night, chaotic flame vortices roaring upward, professional photography, sharp focus, 8K, high detail, photorealistic",firestorm/p3_s2064.png
firestorm,4,2065,"extreme macro photograph, controlled burn with raging flame vortices and turbulent fire structure, dramatic night, professional photography, sharp focus, 8K, high detail, photorealistic",firestorm/p4_s2065.png
lava_pool,0,9792,"extreme macro photograph, molten lava lake surface seen from above, glowing orange-red cells separated by dark cooled crust, professional photography, sharp focus, 8K, high detail, photorealistic",lava_pool/p0_s9792.png
lava_pool,1,9793,"extreme macro photograph, active lava pool with cellular brightness pattern, dark crust between bright pools, volcanic crater, professional photography, sharp focus, 8K, high detail, photorealistic",lava_pool/p1_s9793.png
lava_pool,2,9794,"extreme macro photograph, Hawaiian basalt lava lake closeup, glowing molten cells with dark cooled boundaries, dusk light, professional photography, sharp focus, 8K, high detail, photorealistic",lava_pool/p2_s9794.png
lava_pool,3,9795,"extreme macro photograph, Kilauea-like lava pond surface, cellular flow with bright cores and dark rims, aerial macro, professional photography, sharp focus, 8K, high detail, photorealistic",lava_pool/p3_s9795.png
lava_pool,4,9796,"extreme macro photograph, viscous lava lake showing tessellated cells of glow and crust, volcanic photography, professional photography, sharp focus, 8K, high detail, photorealistic",lava_pool/p4_s9796.png
lava_pool,0,9797,"extreme macro photograph, molten lava lake surface seen from above, glowing orange-red cells separated by dark cooled crust, professional photography, sharp focus, 8K, high detail, photorealistic",lava_pool/p0_s9797.png
lava_pool,1,9798,"extreme macro photograph, active lava pool with cellular brightness pattern, dark crust between bright pools, volcanic crater, professional photography, sharp focus, 8K, high detail, photorealistic",lava_pool/p1_s9798.png
lava_pool,2,9799,"extreme macro photograph, Hawaiian basalt lava lake closeup, glowing molten cells with dark cooled boundaries, dusk light, professional photography, sharp focus, 8K, high detail, photorealistic",lava_pool/p2_s9799.png
lava_pool,3,9800,"extreme macro photograph, Kilauea-like lava pond surface, cellular flow with bright cores and dark rims, aerial macro, professional photography, sharp focus, 8K, high detail, photorealistic",lava_pool/p3_s9800.png
lava_pool,4,9801,"extreme macro photograph, viscous lava lake showing tessellated cells of glow and crust, volcanic photography, professional photography, sharp focus, 8K, high detail, photorealistic",lava_pool/p4_s9801.png
volcanic_fissure,0,5607,"extreme macro photograph, volcanic fissure with meandering vertical cracks pouring glowing fire upward, night photography, professional photography, sharp focus, 8K, high detail, photorealistic",volcanic_fissure/p0_s5607.png
volcanic_fissure,1,5608,"extreme macro photograph, Icelandic fissure eruption with narrow vertical fire vents through dark lava field, dramatic night, professional photography, sharp focus, 8K, high detail, photorealistic",volcanic_fissure/p1_s5608.png
volcanic_fissure,2,5609,"extreme macro photograph, volcanic rift with multiple thin vertical lava fountains in the dark, night light, professional photography, sharp focus, 8K, high detail, photorealistic",volcanic_fissure/p2_s5609.png
volcanic_fissure,3,5610,"extreme macro photograph, small fissure vent with a single tall vertical lava spray, night photography, dramatic, professional photography, sharp focus, 8K, high detail, photorealistic",volcanic_fissure/p3_s5610.png
volcanic_fissure,4,5611,"extreme macro photograph, active rift eruption with multiple meandering fire cracks rising from dark rock, night, professional photography, sharp focus, 8K, high detail, photorealistic",volcanic_fissure/p4_s5611.png
volcanic_fissure,0,5612,"extreme macro photograph, volcanic fissure with meandering vertical cracks pouring glowing fire upward, night photography, professional photography, sharp focus, 8K, high detail, photorealistic",volcanic_fissure/p0_s5612.png
volcanic_fissure,1,5613,"extreme macro photograph, Icelandic fissure eruption with narrow vertical fire vents through dark lava field, dramatic night, professional photography, sharp focus, 8K, high detail, photorealistic",volcanic_fissure/p1_s5613.png
volcanic_fissure,2,5614,"extreme macro photograph, volcanic rift with multiple thin vertical lava fountains in the dark, night light, professional photography, sharp focus, 8K, high detail, photorealistic",volcanic_fissure/p2_s5614.png
volcanic_fissure,3,5615,"extreme macro photograph, small fissure vent with a single tall vertical lava spray, night photography, dramatic, professional photography, sharp focus, 8K, high detail, photorealistic",volcanic_fissure/p3_s5615.png
volcanic_fissure,4,5616,"extreme macro photograph, active rift eruption with multiple meandering fire cracks rising from dark rock, night, professional photography, sharp focus, 8K, high detail, photorealistic",volcanic_fissure/p4_s5616.png
