stim_id,image_path,domain,family,complexity,seed,n,c1_level,c2_level,c1,c2,beta,aniso,mean,rms
rk000_convoluted,images/rk000_convoluted.png,rock,convoluted,0.75,4,512,1.276,-0.176,1.2692,-0.1596,2.3485,0.0731,0.4997,0.1434
rk001_convoluted,images/rk001_convoluted.png,rock,convoluted,0.75,3,512,1.276,-0.176,1.2893,-0.1768,2.3711,0.0791,0.4998,0.1388
rk002_convoluted,images/rk002_convoluted.png,rock,convoluted,0.625,12,512,1.276,-0.176,1.3369,-0.1619,2.5482,0.076,0.5008,0.1504
rk003_agate,images/rk003_agate.png,rock,agate,0.625,15,512,1.276,-0.176,1.3048,-0.1984,2.408,0.0874,0.5009,0.1431
rk004_serpentinite,images/rk004_serpentinite.png,rock,serpentinite,0.0,8,512,1.276,-0.176,1.262,-0.1414,2.3705,0.0984,0.5,0.1599
rk005_agate,images/rk005_agate.png,rock,agate,0.625,4,512,1.276,-0.176,1.2731,-0.1816,2.3855,0.103,0.4998,0.143
rk006_agate,images/rk006_agate.png,rock,agate,0.625,2,512,1.276,-0.176,1.2862,-0.1743,2.4206,0.1027,0.5,0.1395
rk007_serpentinite,images/rk007_serpentinite.png,rock,serpentinite,0.125,6,512,1.276,-0.176,1.2858,-0.165,2.329,0.1103,0.5,0.1598
rk008_convoluted,images/rk008_convoluted.png,rock,convoluted,0.625,7,512,1.276,-0.109,1.3209,-0.1153,2.5145,0.0706,0.5011,0.1469
rk009_convoluted,images/rk009_convoluted.png,rock,convoluted,0.75,5,512,1.276,-0.109,1.2312,-0.1093,2.3625,0.0775,0.4991,0.1383
rk010_convoluted,images/rk010_convoluted.png,rock,convoluted,0.625,5,512,1.276,-0.109,1.3113,-0.1275,2.5072,0.0668,0.5001,0.141
rk011_serpentinite,images/rk011_serpentinite.png,rock,serpentinite,0.0,8,512,1.276,-0.109,1.262,-0.1414,2.3705,0.0984,0.5,0.1599
rk012_serpentinite,images/rk012_serpentinite.png,rock,serpentinite,0.375,1,512,1.276,-0.109,1.3259,-0.1256,2.5026,0.104,0.5002,0.1504
rk013_turbulent,images/rk013_turbulent.png,rock,turbulent,0.375,4,512,1.276,-0.109,1.2241,-0.0807,2.4022,0.0622,0.5004,0.147
rk014_serpentinite,images/rk014_serpentinite.png,rock,serpentinite,0.375,0,512,1.276,-0.109,1.3271,-0.1233,2.5286,0.1041,0.5009,0.148
rk015_schist,images/rk015_schist.png,rock,schist,0.25,2,512,1.276,-0.109,1.2885,-0.0611,2.5444,0.0943,0.4996,0.156
rk016_schist,images/rk016_schist.png,rock,schist,0.25,1,512,1.276,-0.042,1.281,-0.0553,2.4965,0.0873,0.5002,0.1561
rk017_schist,images/rk017_schist.png,rock,schist,0.25,0,512,1.276,-0.042,1.2872,-0.0587,2.5133,0.0835,0.5002,0.1546
rk018_granite,images/rk018_granite.png,rock,granite,0.25,7,512,1.276,-0.042,1.2423,-0.034,2.4383,0.0747,0.5004,0.153
rk019_schist,images/rk019_schist.png,rock,schist,0.25,6,512,1.276,-0.042,1.3144,-0.0465,2.5554,0.0862,0.4999,0.1545
rk020_granite,images/rk020_granite.png,rock,granite,0.25,3,512,1.276,-0.042,1.2325,-0.0349,2.4412,0.0834,0.5001,0.1541
rk021_gneiss,images/rk021_gneiss.png,rock,gneiss,0.875,12,512,1.276,-0.042,1.3,-0.0328,2.5214,0.0685,0.5,0.16
rk022_granite,images/rk022_granite.png,rock,granite,0.25,11,512,1.276,-0.042,1.2254,-0.0432,2.4325,0.0819,0.5003,0.1533
rk023_gneiss,images/rk023_gneiss.png,rock,gneiss,0.625,8,512,1.276,-0.042,1.2813,-0.0301,2.4931,0.0645,0.5,0.16
rk024_turbulent,images/rk024_turbulent.png,rock,turbulent,0.0,8,512,1.276,0.024,1.2929,-0.0017,2.5799,0.0924,0.5,0.1595
rk025_turbulent,images/rk025_turbulent.png,rock,turbulent,0.0,14,512,1.276,0.024,1.3092,-0.0043,2.5935,0.0878,0.5,0.1596
rk026_turbulent,images/rk026_turbulent.png,rock,turbulent,0.0,5,512,1.276,0.024,1.3199,-0.0027,2.6172,0.0892,0.5,0.1596
rk027_granite,images/rk027_granite.png,rock,granite,0.125,15,512,1.276,0.024,1.3469,-0.0113,2.7151,0.0791,0.5001,0.1591
rk028_granite,images/rk028_granite.png,rock,granite,0.125,9,512,1.276,0.024,1.3278,-0.0218,2.7062,0.067,0.5,0.1586
rk029_granite,images/rk029_granite.png,rock,granite,0.125,8,512,1.276,0.024,1.3324,-0.0173,2.6963,0.0592,0.5001,0.1584
rk030_vesicular,images/rk030_vesicular.png,rock,vesicular,0.125,6,512,1.276,0.024,1.3675,-0.0188,2.652,0.0972,0.5001,0.1585
rk031_gneiss,images/rk031_gneiss.png,rock,gneiss,0.625,5,512,1.276,0.024,1.3331,-0.0253,2.619,0.0491,0.5,0.16
rk032_agate,images/rk032_agate.png,rock,agate,0.5,12,512,1.426,-0.176,1.3907,-0.1655,2.6728,0.0827,0.5009,0.1522
rk033_agate,images/rk033_agate.png,rock,agate,0.5,15,512,1.426,-0.176,1.4451,-0.165,2.6439,0.0922,0.5006,0.1508
rk034_agate,images/rk034_agate.png,rock,agate,0.5,13,512,1.426,-0.176,1.466,-0.1622,2.6999,0.0717,0.5007,0.1492
rk035_weathered,images/rk035_weathered.png,rock,weathered,0.5,6,512,1.426,-0.176,1.4872,-0.19,2.7634,0.082,0.5,0.1598
rk036_convoluted,images/rk036_convoluted.png,rock,convoluted,0.5,3,512,1.426,-0.176,1.4382,-0.1563,2.7573,0.0613,0.5,0.1515
rk037_weathered,images/rk037_weathered.png,rock,weathered,0.5,15,512,1.426,-0.176,1.4809,-0.2101,2.7564,0.079,0.5,0.1599
rk038_weathered,images/rk038_weathered.png,rock,weathered,0.5,1,512,1.426,-0.176,1.4674,-0.2116,2.7111,0.0686,0.5,0.1593
rk039_convoluted,images/rk039_convoluted.png,rock,convoluted,0.625,2,512,1.426,-0.176,1.3662,-0.162,2.5272,0.0675,0.4997,0.1445
rk040_flow_banded,images/rk040_flow_banded.png,rock,flow_banded,0.25,4,512,1.426,-0.109,1.4503,-0.0929,2.8566,0.081,0.4998,0.1563
rk041_flow_banded,images/rk041_flow_banded.png,rock,flow_banded,0.25,2,512,1.426,-0.109,1.4346,-0.0942,2.7962,0.0878,0.5001,0.1568
rk042_flow_banded,images/rk042_flow_banded.png,rock,flow_banded,0.25,15,512,1.426,-0.109,1.4398,-0.089,2.8432,0.0771,0.5002,0.1583
rk043_serpentinite,images/rk043_serpentinite.png,rock,serpentinite,0.25,4,512,1.426,-0.109,1.4049,-0.0909,2.6846,0.0905,0.4998,0.155
rk044_serpentinite,images/rk044_serpentinite.png,rock,serpentinite,0.25,1,512,1.426,-0.109,1.379,-0.0931,2.6498,0.0826,0.5002,0.156
rk045_agate,images/rk045_agate.png,rock,agate,0.5,0,512,1.426,-0.109,1.4356,-0.1295,2.6776,0.0811,0.5008,0.1457
rk046_serpentinite,images/rk046_serpentinite.png,rock,serpentinite,0.25,12,512,1.426,-0.109,1.4027,-0.0953,2.6299,0.0946,0.5003,0.1568
rk047_agate,images/rk047_agate.png,rock,agate,0.375,5,512,1.426,-0.109,1.4576,-0.1183,2.8587,0.065,0.5,0.1568
rk048_schist,images/rk048_schist.png,rock,schist,0.125,13,512,1.426,-0.042,1.4074,-0.0315,2.7584,0.0795,0.5001,0.1581
rk049_serpentinite,images/rk049_serpentinite.png,rock,serpentinite,0.125,15,512,1.426,-0.042,1.4432,-0.0435,2.899,0.0873,0.5001,0.1594
rk050_vesicular,images/rk050_vesicular.png,rock,vesicular,0.0,5,512,1.426,-0.042,1.4117,-0.0309,2.7818,0.0869,0.5,0.1596
rk051_schist,images/rk051_schist.png,rock,schist,0.125,3,512,1.426,-0.042,1.3981,-0.0279,2.761,0.0829,0.4999,0.159
rk052_schist,images/rk052_schist.png,rock,schist,0.125,14,512,1.426,-0.042,1.4027,-0.033,2.7556,0.0712,0.4999,0.1584
rk053_flow_banded,images/rk053_flow_banded.png,rock,flow_banded,0.25,0,512,1.426,-0.042,1.4467,-0.0612,2.8596,0.0825,0.5004,0.1562
rk054_vesicular,images/rk054_vesicular.png,rock,vesicular,0.0,0,512,1.426,-0.042,1.4192,-0.0195,2.7824,0.0835,0.5,0.1598
rk055_vesicular,images/rk055_vesicular.png,rock,vesicular,0.0,14,512,1.426,-0.042,1.4152,-0.0191,2.7868,0.0827,0.5001,0.1596
rk056_granite,images/rk056_granite.png,rock,granite,0.0,9,512,1.426,0.024,1.4317,0.0038,2.8701,0.0797,0.5,0.1598
rk057_granite,images/rk057_granite.png,rock,granite,0.0,12,512,1.426,0.024,1.4501,0.0027,2.8831,0.079,0.5,0.1598
rk058_granite,images/rk058_granite.png,rock,granite,0.0,8,512,1.426,0.024,1.416,0.0001,2.8459,0.0752,0.5001,0.1594
rk059_vesicular,images/rk059_vesicular.png,rock,vesicular,0.0,6,512,1.426,0.024,1.4603,-0.0004,2.8388,0.0758,0.5,0.1597
rk060_vesicular,images/rk060_vesicular.png,rock,vesicular,0.0,3,512,1.426,0.024,1.4615,-0.0049,2.8519,0.092,0.5,0.1598
rk061_schist,images/rk061_schist.png,rock,schist,0.125,8,512,1.426,0.024,1.3819,-0.0127,2.7231,0.0842,0.5001,0.1582
rk062_vesicular,images/rk062_vesicular.png,rock,vesicular,0.0,14,512,1.426,0.024,1.4152,-0.0191,2.7868,0.0827,0.5001,0.1596
rk063_turbulent,images/rk063_turbulent.png,rock,turbulent,0.0,7,512,1.426,0.024,1.3728,0.0032,2.6062,0.0976,0.5,0.1597
rk064_weathered,images/rk064_weathered.png,rock,weathered,0.5,5,512,1.576,-0.176,1.6002,-0.1707,2.9921,0.0852,0.5,0.1599
rk065_weathered,images/rk065_weathered.png,rock,weathered,0.5,4,512,1.576,-0.176,1.5517,-0.1939,2.8197,0.0785,0.5,0.1599
rk066_weathered,images/rk066_weathered.png,rock,weathered,0.375,15,512,1.576,-0.176,1.5558,-0.1577,2.9901,0.0709,0.5,0.1599
rk067_marble,images/rk067_marble.png,rock,marble,0.5,8,512,1.576,-0.176,1.5753,-0.1649,2.8944,0.0621,0.5009,0.1486
rk068_marble,images/rk068_marble.png,rock,marble,0.5,5,512,1.576,-0.176,1.5541,-0.2063,2.8737,0.068,0.5003,0.1537
rk069_marble,images/rk069_marble.png,rock,marble,0.5,11,512,1.576,-0.176,1.5088,-0.1854,2.8836,0.0888,0.5014,0.1512
rk070_agate,images/rk070_agate.png,rock,agate,0.375,6,512,1.576,-0.176,1.521,-0.1392,2.9377,0.0651,0.5006,0.1559
rk071_agate,images/rk071_agate.png,rock,agate,0.375,1,512,1.576,-0.176,1.5049,-0.1447,2.8817,0.0577,0.5005,0.1563
rk072_agate,images/rk072_agate.png,rock,agate,0.375,15,512,1.576,-0.109,1.5888,-0.1166,2.9128,0.0633,0.5003,0.1564
rk073_agate,images/rk073_agate.png,rock,agate,0.375,7,512,1.576,-0.109,1.5326,-0.1221,2.9285,0.0615,0.5007,0.1541
rk074_weathered,images/rk074_weathered.png,rock,weathered,0.375,14,512,1.576,-0.109,1.6006,-0.1325,3.0085,0.0582,0.4999,0.1592
rk075_agate,images/rk075_agate.png,rock,agate,0.375,6,512,1.576,-0.109,1.521,-0.1392,2.9377,0.0651,0.5006,0.1559
rk076_weathered,images/rk076_weathered.png,rock,weathered,0.375,5,512,1.576,-0.109,1.6393,-0.1434,3.1228,0.0711,0.5,0.1597
rk077_weathered,images/rk077_weathered.png,rock,weathered,0.375,15,512,1.576,-0.109,1.5558,-0.1577,2.9901,0.0709,0.5,0.1599
rk078_flow_banded,images/rk078_flow_banded.png,rock,flow_banded,0.125,13,512,1.576,-0.109,1.5436,-0.0626,3.0312,0.0687,0.5004,0.1579
rk079_flow_banded,images/rk079_flow_banded.png,rock,flow_banded,0.125,12,512,1.576,-0.109,1.5266,-0.0699,3.044,0.064,0.5,0.1594
rk080_serpentinite,images/rk080_serpentinite.png,rock,serpentinite,0.0,3,512,1.576,-0.042,1.5512,-0.0453,2.9574,0.0802,0.5,0.1599
rk081_flow_banded,images/rk081_flow_banded.png,rock,flow_banded,0.125,7,512,1.576,-0.042,1.5542,-0.048,3.0908,0.0772,0.5003,0.1585
rk082_serpentinite,images/rk082_serpentinite.png,rock,serpentinite,0.0,13,512,1.576,-0.042,1.545,-0.0561,2.9,0.0781,0.5002,0.1592
rk083_serpentinite,images/rk083_serpentinite.png,rock,serpentinite,0.0,14,512,1.576,-0.042,1.559,-0.0367,3.0201,0.0692,0.5,0.1598
rk084_gneiss,images/rk084_gneiss.png,rock,gneiss,0.375,0,512,1.576,-0.042,1.6147,-0.0254,3.0608,0.0718,0.5,0.16
rk085_flow_banded,images/rk085_flow_banded.png,rock,flow_banded,0.125,13,512,1.576,-0.042,1.5436,-0.0626,3.0312,0.0687,0.5004,0.1579
rk086_gneiss,images/rk086_gneiss.png,rock,gneiss,0.375,10,512,1.576,-0.042,1.6156,-0.0209,3.0482,0.0709,0.5,0.16
rk087_flow_banded,images/rk087_flow_banded.png,rock,flow_banded,0.125,14,512,1.576,-0.042,1.5267,-0.0487,3.025,0.0674,0.5001,0.1595
rk088_serpentinite,images/rk088_serpentinite.png,rock,serpentinite,0.0,15,512,1.576,0.024,1.5517,-0.0097,3.139,0.07,0.5,0.1599
rk089_granite,images/rk089_granite.png,rock,granite,0.0,7,512,1.576,0.024,1.4954,0.0037,2.8735,0.0784,0.5,0.1599
rk090_granite,images/rk090_granite.png,rock,granite,0.0,3,512,1.576,0.024,1.4801,0.0069,2.8839,0.0807,0.5,0.16
rk091_gneiss,images/rk091_gneiss.png,rock,gneiss,0.375,10,512,1.576,0.024,1.6156,-0.0209,3.0482,0.0709,0.5,0.16
rk092_serpentinite,images/rk092_serpentinite.png,rock,serpentinite,0.0,10,512,1.576,0.024,1.5312,-0.0242,2.9954,0.0735,0.5,0.1598
rk093_serpentinite,images/rk093_serpentinite.png,rock,serpentinite,0.0,7,512,1.576,0.024,1.573,-0.0185,3.1439,0.0609,0.5001,0.1596
rk094_gneiss,images/rk094_gneiss.png,rock,gneiss,0.375,0,512,1.576,0.024,1.6147,-0.0254,3.0608,0.0718,0.5,0.16
rk095_schist,images/rk095_schist.png,rock,schist,0.0,15,512,1.576,0.024,1.4886,-0.007,2.9754,0.0705,0.5,0.1599
